date,close,range_high,range_low,ticker,yf,source,fit_err_pct,badge_err_pct
2026-06-17,79.7300033569336,79.51831096196868,80.17325503355698,HYG,HYG,SimilarSetFrid_p03_10.png,0.0772437404932496,2.220446049250313e-14
2026-06-18,80.01000213623047,79.52965324384787,80.21382550335564,HYG,HYG,SimilarSetFrid_p03_10.png,0.0772437404932496,2.220446049250313e-14
2026-06-22,79.94000244140625,79.54259507829977,80.24610738255026,HYG,HYG,SimilarSetFrid_p03_10.png,0.0772437404932496,2.220446049250313e-14
2026-06-23,79.87000274658203,79.55291946308725,80.26399328859054,HYG,HYG,SimilarSetFrid_p03_10.png,0.0772437404932496,2.220446049250313e-14
2026-06-24,79.8499984741211,79.5619351230425,80.27228187919457,HYG,HYG,SimilarSetFrid_p03_10.png,0.0772437404932496,2.220446049250313e-14
2026-06-25,79.87999725341797,79.57502237136465,80.28435123042499,HYG,HYG,SimilarSetFrid_p03_10.png,0.0772437404932496,2.220446049250313e-14
2026-06-26,79.83000183105469,79.58505592841163,80.31459731543617,HYG,HYG,SimilarSetFrid_p03_10.png,0.0772437404932496,2.220446049250313e-14
2026-06-29,80.01000213623047,79.59814317673377,80.34484340044735,HYG,HYG,SimilarSetFrid_p03_10.png,0.0772437404932496,2.220446049250313e-14
2026-06-30,79.97000122070312,79.60817673378075,80.35429530201334,HYG,HYG,SimilarSetFrid_p03_10.png,0.0772437404932496,2.220446049250313e-14
2026-07-01,79.58999633789062,79.61661073825502,80.35284116331088,HYG,HYG,SimilarSetFrid_p03_10.png,0.0772437404932496,2.220446049250313e-14
2026-07-02,79.70999908447266,79.62722595078299,80.3484787472035,HYG,HYG,SimilarSetFrid_p03_10.png,0.0772437404932496,2.220446049250313e-14
2026-07-06,79.87000274658203,79.64642058165548,80.33495525727062,HYG,HYG,SimilarSetFrid_p03_10.png,0.0772437404932496,2.220446049250313e-14
2026-07-07,79.76000213623047,79.66561521252795,80.32157718120799,HYG,HYG,SimilarSetFrid_p03_10.png,0.0772437404932496,2.220446049250313e-14
2026-07-08,79.66000366210938,79.69440715883667,80.31465548098427,HYG,HYG,SimilarSetFrid_p03_10.png,0.0772437404932496,2.220446049250313e-14
2026-07-09,79.75,79.72523489932884,80.31038031319903,HYG,HYG,SimilarSetFrid_p03_10.png,0.0772437404932496,2.220446049250313e-14
2026-07-10,79.70999908447266,79.74704697986576,80.30151006711402,HYG,HYG,SimilarSetFrid_p03_10.png,0.0772437404932496,2.220446049250313e-14
2026-07-13,79.5199966430664,79.74704697986576,80.28129753914982,HYG,HYG,SimilarSetFrid_p03_10.png,0.0772437404932496,2.220446049250313e-14
2026-07-14,79.68000030517578,79.74704697986576,80.2597762863534,HYG,HYG,SimilarSetFrid_p03_10.png,0.0772437404932496,2.220446049250313e-14
2026-07-15,79.80999755859375,79.75242729306486,80.24538031319904,HYG,HYG,SimilarSetFrid_p03_10.png,0.0772437404932496,2.220446049250313e-14
2026-07-16,79.80000305175781,79.75838926174495,80.23185682326616,HYG,HYG,SimilarSetFrid_p03_10.png,0.0772437404932496,2.220446049250313e-14
2026-07-17,79.6500015258789,79.76667785234898,80.21702460850105,HYG,HYG,SimilarSetFrid_p03_10.png,0.0772437404932496,2.220446049250313e-14
2026-07-20,79.68000030517578,79.77947427293063,80.1988478747203,HYG,HYG,SimilarSetFrid_p03_10.png,0.0772437404932496,2.220446049250313e-14
2026-07-21,79.6500015258789,79.79125279642055,80.18183445190151,HYG,HYG,SimilarSetFrid_p03_10.png,0.0772437404932496,2.220446049250313e-14
2026-07-22,79.5199966430664,79.75591722595077,80.14853467561515,HYG,HYG,SimilarSetFrid_p03_10.png,0.0772437404932496,2.220446049250313e-14
2026-07-23,79.2300033569336,79.71854586129753,80.11494407158831,HYG,HYG,SimilarSetFrid_p03_10.png,0.0772437404932496,2.220446049250313e-14
2026-07-24,79.2300033569336,79.7042953020134,80.0947315436241,HYG,HYG,SimilarSetFrid_p03_10.png,0.0772437404932496,2.220446049250313e-14
2026-07-27,79.2699966430664,79.70967561521252,80.089932885906,HYG,HYG,SimilarSetFrid_p03_10.png,0.0772437404932496,2.220446049250313e-14
2026-07-28,79.41999816894531,79.7156375838926,80.08440715883664,HYG,HYG,SimilarSetFrid_p03_10.png,0.0772437404932496,2.220446049250313e-14
2026-07-29,79.23999786376953,79.7156375838926,80.07466442953015,HYG,HYG,SimilarSetFrid_p03_10.png,0.0772437404932496,2.220446049250313e-14
2026-07-30,79.47000122070312,79.7156375838926,80.0640492170022,HYG,HYG,SimilarSetFrid_p03_10.png,0.0772437404932496,2.220446049250313e-14
2026-07-31,79.4800033569336,79.71331096196866,80.05517897091718,HYG,HYG,SimilarSetFrid_p03_10.png,0.0772437404932496,2.220446049250313e-14
2026-08-03,79.30999755859375,79.70516778523488,80.04630872483217,HYG,HYG,SimilarSetFrid_p03_10.png,0.0772437404932496,2.220446049250313e-14
2026-08-04,79.55000305175781,79.69120805369126,80.03976510067109,HYG,HYG,SimilarSetFrid_p03_10.png,0.0772437404932496,2.220446049250313e-14
2026-08-05,79.5199966430664,79.64540268456375,80.04760775540636,HYG,HYG,SimilarSetFrid_p03_10.png,0.0772437404932496,2.220446049250313e-14
2026-08-06,79.45999908447266,79.59843400447427,80.05517897091718,HYG,HYG,SimilarSetFrid_p03_10.png,0.0772437404932496,2.220446049250313e-14
2026-08-07,79.61000061035156,79.58127516778524,80.0418424416746,HYG,HYG,SimilarSetFrid_p03_10.png,0.0772437404932496,2.220446049250313e-14
2026-08-10,79.4800033569336,79.5786577181208,80.01795302013419,HYG,HYG,SimilarSetFrid_p03_10.png,0.0772437404932496,2.220446049250313e-14
2026-08-11,79.51000213623047,79.57589485458612,79.99861297539145,HYG,HYG,SimilarSetFrid_p03_10.png,0.0772437404932496,2.220446049250313e-14
2026-08-12,79.61000061035156,79.57225950782997,79.99285458612971,HYG,HYG,SimilarSetFrid_p03_10.png,0.0772437404932496,2.220446049250313e-14
2026-08-13,79.79000091552734,79.56862416107383,79.987706935123,HYG,HYG,SimilarSetFrid_p03_10.png,0.0772437404932496,2.220446049250313e-14
2026-08-14,79.70999908447266,79.56906040268456,79.98436241610734,HYG,HYG,SimilarSetFrid_p03_10.png,0.0772437404932496,2.220446049250313e-14
2026-08-17,79.61000061035156,79.57080536912751,79.98130872483218,HYG,HYG,SimilarSetFrid_p03_10.png,0.0772437404932496,2.220446049250313e-14
2026-08-18,79.52999877929688,79.57255033557047,79.96851230425052,HYG,HYG,SimilarSetFrid_p03_10.png,0.0772437404932496,2.220446049250313e-14
2026-08-19,79.70999908447266,79.57356823266218,79.93611732537903,HYG,HYG,SimilarSetFrid_p03_10.png,0.0772437404932496,2.220446049250313e-14
2026-08-20,79.55999755859375,79.57487695749441,79.90377081779764,HYG,HYG,SimilarSetFrid_p03_10.png,0.0772437404932496,2.220446049250313e-14
2026-08-21,79.61000061035156,79.58040268456375,79.9027852348993,HYG,HYG,SimilarSetFrid_p03_10.png,0.0772437404932496,2.220446049250313e-14
2026-08-24,79.69999694824219,79.58636465324385,79.90612975391495,HYG,HYG,SimilarSetFrid_p03_10.png,0.0772437404932496,2.220446049250313e-14
2026-08-25,79.91999816894531,79.58651006711409,79.904384787472,HYG,HYG,SimilarSetFrid_p03_10.png,0.0772437404932496,2.220446049250313e-14
2026-08-26,79.9000015258789,79.5786577181208,79.89420581655477,HYG,HYG,SimilarSetFrid_p03_10.png,0.0772437404932496,2.220446049250313e-14
2026-08-27,79.87000274658203,79.57051454138703,79.88359060402681,HYG,HYG,SimilarSetFrid_p03_10.png,0.0772437404932496,2.220446049250313e-14
2026-08-28,,79.57211409395973,79.87762863534672,HYG,HYG,SimilarSetFrid_p03_10.png,0.0772437404932496,2.220446049250313e-14
2026-08-29,,79.57385906040268,79.87239373601787,HYG,HYG,SimilarSetFrid_p03_10.png,0.0772437404932496,2.220446049250313e-14
2026-06-22,298.17999267578125,298.81910695841196,292.16156751451217,IWM,IWM,SimilarSetFrid_p05_5.png,0.496406524822369,0.02388574730549653
2026-06-23,295.32000732421875,298.87231997350534,292.2266056440707,IWM,IWM,SimilarSetFrid_p05_5.png,0.496406524822369,0.02388574730549653
2026-06-24,296.69000244140625,298.83093207287715,292.22956192268697,IWM,IWM,SimilarSetFrid_p05_5.png,0.496406524822369,0.02388574730549653
2026-06-25,298.9100036621094,298.53234793263124,292.0728791560233,IWM,IWM,SimilarSetFrid_p05_5.png,0.496406524822369,0.02388574730549653
2026-06-26,299.8299865722656,298.24263262823416,291.94280289690624,IWM,IWM,SimilarSetFrid_p05_5.png,0.496406524822369,0.02388574730549653
2026-06-29,298.9700012207031,297.8790103584297,291.880721045964,IWM,IWM,SimilarSetFrid_p05_5.png,0.496406524822369,0.02388574730549653
2026-06-30,300.45001220703125,297.5390383175556,291.8127266377892,IWM,IWM,SimilarSetFrid_p05_5.png,0.496406524822369,0.02388574730549653
2026-07-01,299.32000732421875,297.2079351125304,291.55257411955506,IWM,IWM,SimilarSetFrid_p05_5.png,0.496406524822369,0.02388574730549653
2026-07-02,297.5799865722656,296.9063946936681,291.31902810886766,IWM,IWM,SimilarSetFrid_p05_5.png,0.496406524822369,0.02388574730549653
2026-07-06,298.8999938964844,297.0098644452385,291.65013131389287,IWM,IWM,SimilarSetFrid_p05_5.png,0.496406524822369,0.02388574730549653
2026-07-07,296.19000244140625,297.11924675404146,291.9664531258366,IWM,IWM,SimilarSetFrid_p05_5.png,0.496406524822369,0.02388574730549653
2026-07-08,293.4800109863281,296.8590942358074,292.0226224195462,IWM,IWM,SimilarSetFrid_p05_5.png,0.496406524822369,0.02388574730549653
2026-07-09,297.239990234375,296.5841603244918,292.0758354346396,IWM,IWM,SimilarSetFrid_p05_5.png,0.496406524822369,0.02388574730549653
2026-07-10,295.989990234375,296.44521522952584,292.0374038126277,IWM,IWM,SimilarSetFrid_p05_5.png,0.496406524822369,0.02388574730549653
2026-07-13,293.4800109863281,296.3417454779555,291.9883295875972,IWM,IWM,SimilarSetFrid_p05_5.png,0.496406524822369,0.02388574730549653
2026-07-14,294.510009765625,296.0135985515466,291.3072029944025,IWM,IWM,SimilarSetFrid_p05_5.png,0.496406524822369,0.02388574730549653
2026-07-15,295.7699890136719,295.62928233142804,290.2641293559525,IWM,IWM,SimilarSetFrid_p05_5.png,0.496406524822369,0.02388574730549653
2026-07-16,295.5899963378906,295.52876885847394,290.29911198624535,IWM,IWM,SimilarSetFrid_p05_5.png,0.496406524822369,0.02388574730549653
2026-07-17,294.0400085449219,295.5553753660206,290.7691602862365,IWM,IWM,SimilarSetFrid_p05_5.png,0.496406524822369,0.02388574730549653
2026-07-20,292.3099975585937,295.6647576748236,291.0559193120173,IWM,IWM,SimilarSetFrid_p05_5.png,0.496406524822369,0.02388574730549653
2026-07-21,296.5400085449219,295.8303092773362,291.2037332428321,IWM,IWM,SimilarSetFrid_p05_5.png,0.496406524822369,0.02388574730549653
2026-07-22,293.7900085449219,295.6529325603584,290.70320711805863,IWM,IWM,SimilarSetFrid_p05_5.png,0.496406524822369,0.02388574730549653
2026-07-23,292.0899963378906,295.19175309621613,289.6749148726902,IWM,IWM,SimilarSetFrid_p05_5.png,0.496406524822369,0.02388574730549653
2026-07-24,291.1700134277344,294.9789010358428,289.0633875246334,IWM,IWM,SimilarSetFrid_p05_5.png,0.496406524822369,0.02388574730549653
2026-07-27,292.9100036621094,295.1060210163435,289.01313078815633,IWM,IWM,SimilarSetFrid_p05_5.png,0.496406524822369,0.02388574730549653
2026-07-28,293.3699951171875,295.07941450879684,288.9344937769629,IWM,IWM,SimilarSetFrid_p05_5.png,0.496406524822369,0.02388574730549653
2026-07-29,288.57000732421875,294.771961532702,288.7825410560852,IWM,IWM,SimilarSetFrid_p05_5.png,0.496406524822369,0.02388574730549653
2026-07-30,292.5899963378906,294.8222182691791,288.8099922146651,IWM,IWM,SimilarSetFrid_p05_5.png,0.496406524822369,0.02388574730549653
2026-07-31,291.20001220703125,295.7948339339406,289.2445651712607,IWM,IWM,SimilarSetFrid_p05_5.png,0.496406524822369,0.02388574730549653
2026-08-03,296.2200012207031,296.9415744092021,289.56299861078753,IWM,IWM,SimilarSetFrid_p05_5.png,0.496406524822369,0.02388574730549653
2026-08-04,301.7099914550781,298.35201493703715,289.3205837642512,IWM,IWM,SimilarSetFrid_p05_5.png,0.496406524822369,0.02388574730549653
2026-08-05,299.7699890136719,299.71781565776615,289.0811251963312,IWM,IWM,SimilarSetFrid_p05_5.png,0.496406524822369,0.02388574730549653
2026-08-06,298.25,300.30907138102543,289.069300081866,IWM,IWM,SimilarSetFrid_p05_5.png,0.496406524822369,0.02388574730549653
2026-08-07,301.5599975585937,300.90623966151736,289.0574749674008,IWM,IWM,SimilarSetFrid_p05_5.png,0.496406524822369,0.02388574730549653
2026-08-10,299.9800109863281,301.2994247174848,289.2437205202275,IWM,IWM,SimilarSetFrid_p05_5.png,0.496406524822369,0.02388574730549653
2026-08-11,300.989990234375,301.71921628099886,289.4270097944379,IWM,IWM,SimilarSetFrid_p05_5.png,0.496406524822369,0.02388574730549653
2026-08-12,302.7099914550781,302.5824496369575,289.55117349632235,IWM,IWM,SimilarSetFrid_p05_5.png,0.496406524822369,0.02388574730549653
2026-08-13,303.5,303.5195899583235,289.68420603405565,IWM,IWM,SimilarSetFrid_p05_5.png,0.496406524822369,0.02388574730549653
2026-08-14,305.0899963378906,304.0280698803265,289.9975715673831,IWM,IWM,SimilarSetFrid_p05_5.png,0.496406524822369,0.02388574730549653
2026-08-17,304.0599975585937,304.48333678723617,290.36415011580385,IWM,IWM,SimilarSetFrid_p05_5.png,0.496406524822369,0.02388574730549653
2026-08-18,300.2300109863281,304.8646967287384,290.7928105151669,IWM,IWM,SimilarSetFrid_p05_5.png,0.496406524822369,0.02388574730549653
2026-08-19,301.7200012207031,305.24605667024065,291.25694625792545,IWM,IWM,SimilarSetFrid_p05_5.png,0.496406524822369,0.02388574730549653
2026-08-20,297.6700134277344,305.76636170670884,291.7476885082307,IWM,IWM,SimilarSetFrid_p05_5.png,0.496406524822369,0.02388574730549653
2026-08-21,299.9599914550781,306.37831138028224,292.27094982331516,IWM,IWM,SimilarSetFrid_p05_5.png,0.496406524822369,0.02388574730549653
2026-08-24,297.9700012207031,307.1469438205193,293.2346966522278,IWM,IWM,SimilarSetFrid_p05_5.png,0.496406524822369,0.02388574730549653
2026-08-25,299.2300109863281,308.0338274054083,294.49027041312064,IWM,IWM,SimilarSetFrid_p05_5.png,0.496406524822369,0.02388574730549653
2026-08-26,298.92999267578125,308.3708431676661,295.46614950232873,IWM,IWM,SimilarSetFrid_p05_5.png,0.496406524822369,0.02388574730549653
2026-08-27,299.8099975585937,308.3708431676661,296.30922641317625,IWM,IWM,SimilarSetFrid_p05_5.png,0.496406524822369,0.02388574730549653
2026-08-28,,308.40631851106167,296.9699546839185,IWM,IWM,SimilarSetFrid_p05_5.png,0.496406524822369,0.02388574730549653
2026-07-08,383.3399963378906,398.49591818973,363.5694847693645,MSFT,MSFT,SimilarSetFrid_p08_5.png,0.3875875303613997,6.661338147750939e-14
2026-07-09,384.3599853515625,399.9032637075716,364.9258746736291,MSFT,MSFT,SimilarSetFrid_p08_5.png,0.3875875303613997,6.661338147750939e-14
2026-07-10,385.1000061035156,402.2083986074846,367.7284334203654,MSFT,MSFT,SimilarSetFrid_p08_5.png,0.3875875303613997,6.661338147750939e-14
2026-07-13,390.989990234375,400.6554656222801,371.9989991296778,MSFT,MSFT,SimilarSetFrid_p08_5.png,0.3875875303613997,6.661338147750939e-14
2026-07-14,384.9299926757813,398.7142993907744,375.4445691906004,MSFT,MSFT,SimilarSetFrid_p08_5.png,0.3875875303613997,6.661338147750939e-14
2026-07-15,395.6300048828125,400.99516971279354,378.3563185378589,MSFT,MSFT,SimilarSetFrid_p08_5.png,0.3875875303613997,6.661338147750939e-14
2026-07-16,401.1000061035156,401.067963446475,382.06879895561343,MSFT,MSFT,SimilarSetFrid_p08_5.png,0.3875875303613997,6.661338147750939e-14
2026-07-17,393.8200073242188,401.69884247171433,384.3496692776326,MSFT,MSFT,SimilarSetFrid_p08_5.png,0.3875875303613997,6.661338147750939e-14
2026-07-20,402.2900085449219,403.9554482158396,384.8398137510877,MSFT,MSFT,SimilarSetFrid_p08_5.png,0.3875875303613997,6.661338147750939e-14
2026-07-21,397.75,404.3436814621408,384.68937336814605,MSFT,MSFT,SimilarSetFrid_p08_5.png,0.3875875303613997,6.661338147750939e-14
2026-07-22,390.3399963378906,403.64000870322,383.11217580504774,MSFT,MSFT,SimilarSetFrid_p08_5.png,0.3875875303613997,6.661338147750939e-14
2026-07-23,381.5799865722656,402.86354221061777,381.17100957354205,MSFT,MSFT,SimilarSetFrid_p08_5.png,0.3875875303613997,6.661338147750939e-14
2026-07-24,381.7000122070313,402.3054569190599,380.782776327241,MSFT,MSFT,SimilarSetFrid_p08_5.png,0.3875875303613997,6.661338147750939e-14
2026-07-27,389.1000061035156,402.159869451697,381.4257876414272,MSFT,MSFT,SimilarSetFrid_p08_5.png,0.3875875303613997,6.661338147750939e-14
2026-07-28,393.3500061035156,402.3297214969537,381.85041775456904,MSFT,MSFT,SimilarSetFrid_p08_5.png,0.3875875303613997,6.661338147750939e-14
2026-07-29,390.5400085449219,418.6840469973888,380.8798346388162,MSFT,MSFT,SimilarSetFrid_p08_5.png,0.3875875303613997,6.661338147750939e-14
2026-07-30,451.1000061035156,444.55008703220165,381.316597040905,MSFT,MSFT,SimilarSetFrid_p08_5.png,0.3875875303613997,6.661338147750939e-14
2026-07-31,464.7200012207031,467.504377719756,389.05699738903377,MSFT,MSFT,SimilarSetFrid_p08_5.png,0.3875875303613997,6.661338147750939e-14
2026-08-03,487.6499938964844,487.76530026109623,399.1874586597039,MSFT,MSFT,SimilarSetFrid_p08_5.png,0.3875875303613997,6.661338147750939e-14
2026-08-04,492.80999755859375,500.91670147954704,406.74587467362903,MSFT,MSFT,SimilarSetFrid_p08_5.png,0.3875875303613997,6.661338147750939e-14
2026-08-05,487.4599914550781,513.9953089643163,418.12596170583095,MSFT,MSFT,SimilarSetFrid_p08_5.png,0.3875875303613997,6.661338147750939e-14
2026-08-06,499.8599853515625,526.8070060922537,434.60161009573517,MSFT,MSFT,SimilarSetFrid_p08_5.png,0.3875875303613997,6.661338147750939e-14
2026-08-07,499.989990234375,537.9201827676236,452.65445604873776,MSFT,MSFT,SimilarSetFrid_p08_5.png,0.3875875303613997,6.661338147750939e-14
2026-08-10,506.05999755859375,545.442201914708,464.0588076588335,MSFT,MSFT,SimilarSetFrid_p08_5.png,0.3875875303613997,6.661338147750939e-14
2026-08-11,503.80999755859375,546.8495474325496,468.06246301131387,MSFT,MSFT,SimilarSetFrid_p08_5.png,0.3875875303613997,6.661338147750939e-14
2026-08-12,492.4299926757813,550.173794604003,478.3506440382938,MSFT,MSFT,SimilarSetFrid_p08_5.png,0.3875875303613997,6.661338147750939e-14
2026-08-13,496.8800048828125,536.9981288076584,484.23076008122973,MSFT,MSFT,SimilarSetFrid_p08_5.png,0.3875875303613997,6.661338147750939e-14
2026-08-14,495.3999938964844,515.9850043516096,479.6043138961412,MSFT,MSFT,SimilarSetFrid_p08_5.png,0.3875875303613997,6.661338147750939e-14
2026-08-17,480.3500061035156,507.71078328981685,478.5690252393382,MSFT,MSFT,SimilarSetFrid_p08_5.png,0.3875875303613997,6.661338147750939e-14
2026-08-18,481.6300048828125,503.8284508268055,478.64181897301967,MSFT,MSFT,SimilarSetFrid_p08_5.png,0.3875875303613997,6.661338147750939e-14
2026-08-19,484.30999755859375,503.05198433420327,476.3609486510005,MSFT,MSFT,SimilarSetFrid_p08_5.png,0.3875875303613997,6.661338147750939e-14
2026-08-20,481.1499938964844,502.00860748476896,473.78890339425556,MSFT,MSFT,SimilarSetFrid_p08_5.png,0.3875875303613997,6.661338147750939e-14
2026-08-21,483.239990234375,500.94096605744085,472.6047919930371,MSFT,MSFT,SimilarSetFrid_p08_5.png,0.3875875303613997,6.661338147750939e-14
2026-08-24,487.30999755859375,500.382880765883,472.7091296779805,MSFT,MSFT,SimilarSetFrid_p08_5.png,0.3875875303613997,6.661338147750939e-14
2026-08-25,491.7099914550781,499.14538729329814,474.6381636205393,MSFT,MSFT,SimilarSetFrid_p08_5.png,0.3875875303613997,6.661338147750939e-14
2026-08-26,496.3699951171875,501.06228894691,478.5204960835506,MSFT,MSFT,SimilarSetFrid_p08_5.png,0.3875875303613997,6.661338147750939e-14
2026-08-27,505.05999755859375,507.95342906875504,478.65637771975594,MSFT,MSFT,SimilarSetFrid_p08_5.png,0.3875875303613997,6.661338147750939e-14
2026-08-28,,511.8964229765009,477.0282245430806,MSFT,MSFT,SimilarSetFrid_p08_5.png,0.3875875303613997,6.661338147750939e-14
2026-07-10,117.23999786376952,119.22468741159834,114.63531258840167,XLY,XLY,SimilarSetFrid_p10_9.png,0.2892037686230651,1.1102230246251565e-14
2026-07-13,116.04000091552734,119.19564073550215,114.78296652522394,XLY,XLY,SimilarSetFrid_p10_9.png,0.2892037686230651,1.1102230246251565e-14
2026-07-14,115.9000015258789,118.53724941065538,115.08553606789249,XLY,XLY,SimilarSetFrid_p10_9.png,0.2892037686230651,1.1102230246251565e-14
2026-07-15,117.0,117.97810089580389,115.44135785007072,XLY,XLY,SimilarSetFrid_p10_9.png,0.2892037686230651,1.1102230246251565e-14
2026-07-16,117.33999633789062,118.0337736916549,115.48250730787365,XLY,XLY,SimilarSetFrid_p10_9.png,0.2892037686230651,1.1102230246251565e-14
2026-07-17,115.44000244140624,117.67069024045264,114.71519094766617,XLY,XLY,SimilarSetFrid_p10_9.png,0.2892037686230651,1.1102230246251565e-14
2026-07-20,114.61000061035156,117.47946628948611,114.31821970768503,XLY,XLY,SimilarSetFrid_p10_9.png,0.2892037686230651,1.1102230246251565e-14
2026-07-21,114.87000274658205,117.32939179632251,113.87767845355961,XLY,XLY,SimilarSetFrid_p10_9.png,0.2892037686230651,1.1102230246251565e-14
2026-07-22,114.0199966430664,117.20836397925508,113.08615652993868,XLY,XLY,SimilarSetFrid_p10_9.png,0.2892037686230651,1.1102230246251565e-14
2026-07-23,108.76000213623048,117.19384064120699,110.20085337105132,XLY,XLY,SimilarSetFrid_p10_9.png,0.2892037686230651,1.1102230246251565e-14
2026-07-24,109.41000366210938,116.7896077322018,108.7509401225836,XLY,XLY,SimilarSetFrid_p10_9.png,0.2892037686230651,1.1102230246251565e-14
2026-07-27,110.83999633789062,116.51124375294673,108.19421216407346,XLY,XLY,SimilarSetFrid_p10_9.png,0.2892037686230651,1.1102230246251565e-14
2026-07-28,112.4800033569336,116.31517868929751,108.07318434700603,XLY,XLY,SimilarSetFrid_p10_9.png,0.2892037686230651,1.1102230246251565e-14
2026-07-29,111.61000061035156,115.80202074493164,107.73914757189995,XLY,XLY,SimilarSetFrid_p10_9.png,0.2892037686230651,1.1102230246251565e-14
2026-07-30,112.38999938964844,115.89400188590287,107.94973597359727,XLY,XLY,SimilarSetFrid_p10_9.png,0.2892037686230651,1.1102230246251565e-14
2026-07-31,116.08999633789062,117.07039226779823,108.9010146157472,XLY,XLY,SimilarSetFrid_p10_9.png,0.2892037686230651,1.1102230246251565e-14
2026-08-03,118.20999908447266,118.24194153701087,109.77725601131534,XLY,XLY,SimilarSetFrid_p10_9.png,0.2892037686230651,1.1102230246251565e-14
2026-08-04,118.29000091552734,119.24647241867048,110.28799339933987,XLY,XLY,SimilarSetFrid_p10_9.png,0.2892037686230651,1.1102230246251565e-14
2026-08-05,118.63999938964844,120.10334936350783,110.82777746346056,XLY,XLY,SimilarSetFrid_p10_9.png,0.2892037686230651,1.1102230246251565e-14
2026-08-06,118.0999984741211,121.61861763319196,112.63398507891601,XLY,XLY,SimilarSetFrid_p10_9.png,0.2892037686230651,1.1102230246251565e-14
2026-08-07,119.86000061035156,122.82405469118348,114.38357472890144,XLY,XLY,SimilarSetFrid_p10_9.png,0.2892037686230651,1.1102230246251565e-14
2026-08-10,119.66999816894533,123.0298019801981,114.71034983498348,XLY,XLY,SimilarSetFrid_p10_9.png,0.2892037686230651,1.1102230246251565e-14
2026-08-11,119.23999786376952,122.63525129655831,114.47313531353133,XLY,XLY,SimilarSetFrid_p10_9.png,0.2892037686230651,1.1102230246251565e-14
2026-08-12,117.88999938964844,122.62556907119291,115.16057331447429,XLY,XLY,SimilarSetFrid_p10_9.png,0.2892037686230651,1.1102230246251565e-14
2026-08-13,118.4499969482422,122.12209335219244,116.19657142857143,XLY,XLY,SimilarSetFrid_p10_9.png,0.2892037686230651,1.1102230246251565e-14
2026-08-14,118.1999969482422,120.42044224422447,116.59838378123527,XLY,XLY,SimilarSetFrid_p10_9.png,0.2892037686230651,1.1102230246251565e-14
2026-08-17,116.75,119.47884582743993,116.47735596416786,XLY,XLY,SimilarSetFrid_p10_9.png,0.2892037686230651,1.1102230246251565e-14
2026-08-18,116.36000061035156,119.6870136727959,116.51608486562942,XLY,XLY,SimilarSetFrid_p10_9.png,0.2892037686230651,1.1102230246251565e-14
2026-08-19,118.58999633789062,119.25131353135318,116.12637529467233,XLY,XLY,SimilarSetFrid_p10_9.png,0.2892037686230651,1.1102230246251565e-14
2026-08-20,116.68000030517578,119.54178029231498,116.19173031588873,XLY,XLY,SimilarSetFrid_p10_9.png,0.2892037686230651,1.1102230246251565e-14
2026-08-21,118.0199966430664,119.23194908062239,116.02471192833569,XLY,XLY,SimilarSetFrid_p10_9.png,0.2892037686230651,1.1102230246251565e-14
2026-08-24,118.3000030517578,118.90517397454035,116.0803847241867,XLY,XLY,SimilarSetFrid_p10_9.png,0.2892037686230651,1.1102230246251565e-14
2026-08-25,117.9499969482422,118.61712776991988,116.0101885902876,XLY,XLY,SimilarSetFrid_p10_9.png,0.2892037686230651,1.1102230246251565e-14
2026-08-26,117.16000366210938,118.32181989627537,115.70761904761905,XLY,XLY,SimilarSetFrid_p10_9.png,0.2892037686230651,1.1102230246251565e-14
2026-08-27,115.87999725341795,118.23710042432818,115.68099292786421,XLY,XLY,SimilarSetFrid_p10_9.png,0.2892037686230651,1.1102230246251565e-14
2026-07-13,357.75,366.53960399846204,340.4670886197616,V,V,SimilarSetFrid_p11_9.png,0.31615997435696264,4.440892098500626e-14
2026-07-14,356.0199890136719,364.75803921568615,343.0160966935794,V,V,SimilarSetFrid_p11_9.png,0.31615997435696264,4.440892098500626e-14
2026-07-15,355.1400146484375,364.2920915032679,344.7154354094579,V,V,SimilarSetFrid_p11_9.png,0.31615997435696264,4.440892098500626e-14
2026-07-16,365.1400146484375,365.99143021914637,346.9286870434448,V,V,SimilarSetFrid_p11_9.png,0.31615997435696264,4.440892098500626e-14
2026-07-17,358.5599975585937,365.02527393310254,348.03873894655896,V,V,SimilarSetFrid_p11_9.png,0.31615997435696264,4.440892098500626e-14
2026-07-20,360.5700073242188,364.8060044213763,348.0455911188004,V,V,SimilarSetFrid_p11_9.png,0.31615997435696264,4.440892098500626e-14
2026-07-21,355.82000732421875,364.5593262206842,348.41697885428675,V,V,SimilarSetFrid_p11_9.png,0.31615997435696264,4.440892098500626e-14
2026-07-22,353.4200134277344,364.5661783929257,348.60061707035754,V,V,SimilarSetFrid_p11_9.png,0.31615997435696264,4.440892098500626e-14
2026-07-23,351.6000061035156,364.4154306036139,348.9226691657055,V,V,SimilarSetFrid_p11_9.png,0.31615997435696264,4.440892098500626e-14
2026-07-24,355.739990234375,364.84711745482497,350.1012427912341,V,V,SimilarSetFrid_p11_9.png,0.31615997435696264,4.440892098500626e-14
2026-07-27,362.5299987792969,366.0462475970779,351.41685986159166,V,V,SimilarSetFrid_p11_9.png,0.31615997435696264,4.440892098500626e-14
2026-07-28,366.5899963378906,367.5948385236446,351.944477124183,V,V,SimilarSetFrid_p11_9.png,0.31615997435696264,4.440892098500626e-14
2026-07-29,368.7300109863281,369.98624663590914,352.4446856978085,V,V,SimilarSetFrid_p11_9.png,0.31615997435696264,4.440892098500626e-14
2026-07-30,366.2699890136719,370.87702902729706,352.92433775470965,V,V,SimilarSetFrid_p11_9.png,0.31615997435696264,4.440892098500626e-14
2026-07-31,366.1300048828125,371.4046462898884,353.47251153402533,V,V,SimilarSetFrid_p11_9.png,0.31615997435696264,4.440892098500626e-14
2026-08-03,365.6700134277344,372.7339677047288,354.39070261437905,V,V,SimilarSetFrid_p11_9.png,0.31615997435696264,4.440892098500626e-14
2026-08-04,369.5899963378906,374.5155324875047,355.2129632833525,V,V,SimilarSetFrid_p11_9.png,0.31615997435696264,4.440892098500626e-14
2026-08-05,368.5400085449219,376.0367147251056,356.19282391387924,V,V,SimilarSetFrid_p11_9.png,0.31615997435696264,4.440892098500626e-14
2026-08-06,370.4700012207031,376.2080190311417,357.2823193002691,V,V,SimilarSetFrid_p11_9.png,0.31615997435696264,4.440892098500626e-14
2026-08-07,362.5,373.9947673971548,358.57052768166085,V,V,SimilarSetFrid_p11_9.png,0.31615997435696264,4.440892098500626e-14
2026-08-10,361.3200073242188,371.3361245674739,360.22875336409066,V,V,SimilarSetFrid_p11_9.png,0.31615997435696264,4.440892098500626e-14
2026-08-11,362.8200073242188,369.67104671280265,360.24930988081496,V,V,SimilarSetFrid_p11_9.png,0.31615997435696264,4.440892098500626e-14
2026-08-12,359.4200134277344,369.2599163783159,359.2077797001153,V,V,SimilarSetFrid_p11_9.png,0.31615997435696264,4.440892098500626e-14
2026-08-13,365.4500122070313,369.1502816224528,359.27630142252974,V,V,SimilarSetFrid_p11_9.png,0.31615997435696264,4.440892098500626e-14
2026-08-14,364.1499938964844,368.1635688196846,358.54311899269504,V,V,SimilarSetFrid_p11_9.png,0.31615997435696264,4.440892098500626e-14
2026-08-17,358.8399963378906,368.01282103037283,357.9401278354478,V,V,SimilarSetFrid_p11_9.png,0.31615997435696264,4.440892098500626e-14
2026-08-18,364.25,368.3348731257208,358.07717128027673,V,V,SimilarSetFrid_p11_9.png,0.31615997435696264,4.440892098500626e-14
2026-08-19,365.5400085449219,367.985412341407,358.13884083044974,V,V,SimilarSetFrid_p11_9.png,0.31615997435696264,4.440892098500626e-14
2026-08-20,365.7300109863281,369.1160207612456,358.8514667435601,V,V,SimilarSetFrid_p11_9.png,0.31615997435696264,4.440892098500626e-14
2026-08-21,371.0400085449219,373.74808919646273,358.36496251441747,V,V,SimilarSetFrid_p11_9.png,0.31615997435696264,4.440892098500626e-14
2026-08-24,382.4100036621094,380.2919136870433,357.74826701268734,V,V,SimilarSetFrid_p11_9.png,0.31615997435696264,4.440892098500626e-14
2026-08-25,384.1400146484375,385.30085159554,359.0638840830449,V,V,SimilarSetFrid_p11_9.png,0.31615997435696264,4.440892098500626e-14
2026-08-26,383.8999938964844,388.18732915224894,360.7221097654747,V,V,SimilarSetFrid_p11_9.png,0.31615997435696264,4.440892098500626e-14
2026-08-27,379.6600036621094,389.9466243752401,362.4351528258361,V,V,SimilarSetFrid_p11_9.png,0.31615997435696264,4.440892098500626e-14
2026-08-28,,390.7311980968856,363.3499178200691,V,V,SimilarSetFrid_p11_9.png,0.31615997435696264,4.440892098500626e-14
2026-07-16,207.3999938964844,215.6362749800159,195.1442366107115,NVDA,NVDA,SimilarSetFrid_p13_5.png,0.5319070153437303,3.3306690738754696e-14
2026-07-17,202.80999755859372,215.6962589928057,196.23894484412475,NVDA,NVDA,SimilarSetFrid_p13_5.png,0.5319070153437303,3.3306690738754696e-14
2026-07-20,203.27999877929688,215.4488249400479,196.34391686650685,NVDA,NVDA,SimilarSetFrid_p13_5.png,0.5319070153437303,3.3306690738754696e-14
2026-07-21,207.2899932861328,215.29136690647476,197.07872102318152,NVDA,NVDA,SimilarSetFrid_p13_5.png,0.5319070153437303,3.3306690738754696e-14
2026-07-22,212.05999755859372,215.1564028776978,198.66829736211037,NVDA,NVDA,SimilarSetFrid_p13_5.png,0.5319070153437303,3.3306690738754696e-14
2026-07-23,208.75999450683597,215.18639488409266,200.73774580335734,NVDA,NVDA,SimilarSetFrid_p13_5.png,0.5319070153437303,3.3306690738754696e-14
2026-07-24,206.83999633789065,213.941726618705,202.574756195044,NVDA,NVDA,SimilarSetFrid_p13_5.png,0.5319070153437303,3.3306690738754696e-14
2026-07-27,196.50999450683597,213.15443645083928,201.0762270183853,NVDA,NVDA,SimilarSetFrid_p13_5.png,0.5319070153437303,3.3306690738754696e-14
2026-07-28,197.00999450683597,211.8797761790567,196.40764988009596,NVDA,NVDA,SimilarSetFrid_p13_5.png,0.5319070153437303,3.3306690738754696e-14
2026-07-29,190.00999450683597,212.45712230215824,193.88457234212638,NVDA,NVDA,SimilarSetFrid_p13_5.png,0.5319070153437303,3.3306690738754696e-14
2026-07-30,195.0399932861328,212.10471622701834,189.97811350919272,NVDA,NVDA,SimilarSetFrid_p13_5.png,0.5319070153437303,3.3306690738754696e-14
2026-07-31,200.75,210.9725179856115,189.40826538768994,NVDA,NVDA,SimilarSetFrid_p13_5.png,0.5319070153437303,3.3306690738754696e-14
2026-08-03,206.63999938964844,210.95002398081533,190.24054356514796,NVDA,NVDA,SimilarSetFrid_p13_5.png,0.5319070153437303,3.3306690738754696e-14
2026-08-04,211.94000244140625,212.88450839328533,191.06532374100726,NVDA,NVDA,SimilarSetFrid_p13_5.png,0.5319070153437303,3.3306690738754696e-14
2026-08-05,219.22000122070312,216.73848121502792,191.81512390087937,NVDA,NVDA,SimilarSetFrid_p13_5.png,0.5319070153437303,3.3306690738754696e-14
2026-08-06,218.9900054931641,220.49872901678648,192.4674500399681,NVDA,NVDA,SimilarSetFrid_p13_5.png,0.5319070153437303,3.3306690738754696e-14
2026-08-07,223.9600067138672,224.67886490807342,194.15450039968033,NVDA,NVDA,SimilarSetFrid_p13_5.png,0.5319070153437303,3.3306690738754696e-14
2026-08-10,217.5500030517578,227.55059952038357,195.05426059152683,NVDA,NVDA,SimilarSetFrid_p13_5.png,0.5319070153437303,3.3306690738754696e-14
2026-08-11,217.5,229.97995203836916,197.45945288213878,NVDA,NVDA,SimilarSetFrid_p13_5.png,0.5319070153437303,3.3306690738754696e-14
2026-08-12,224.08999633789065,233.07662669864092,200.8652118305356,NVDA,NVDA,SimilarSetFrid_p13_5.png,0.5319070153437303,3.3306690738754696e-14
2026-08-13,225.3000030517578,236.65317346123084,206.8945423661071,NVDA,NVDA,SimilarSetFrid_p13_5.png,0.5319070153437303,3.3306690738754696e-14
2026-08-14,225.16000366210935,236.3907434052756,211.18261583553667,NVDA,NVDA,SimilarSetFrid_p13_5.png,0.5319070153437303,3.3306690738754696e-14
2026-08-17,225.00999450683597,234.77117505995187,214.01670663469218,NVDA,NVDA,SimilarSetFrid_p13_5.png,0.5319070153437303,3.3306690738754696e-14
2026-08-18,219.7400054931641,230.94719424460416,214.70652278177454,NVDA,NVDA,SimilarSetFrid_p13_5.png,0.5319070153437303,3.3306690738754696e-14
2026-08-19,217.55999755859372,227.82802557953625,215.29886490807348,NVDA,NVDA,SimilarSetFrid_p13_5.png,0.5319070153437303,3.3306690738754696e-14
2026-08-20,216.8500061035156,225.04626698641076,215.7637410071942,NVDA,NVDA,SimilarSetFrid_p13_5.png,0.5319070153437303,3.3306690738754696e-14
2026-08-21,214.72000122070312,224.9562909672261,213.56807620570206,NVDA,NVDA,SimilarSetFrid_p13_5.png,0.5319070153437303,3.3306690738754696e-14
2026-08-24,208.47999572753903,225.87854516386878,209.3379536370903,NVDA,NVDA,SimilarSetFrid_p13_5.png,0.5319070153437303,3.3306690738754696e-14
2026-08-25,213.0500030517578,225.32369304556343,208.0482973621103,NVDA,NVDA,SimilarSetFrid_p13_5.png,0.5319070153437303,3.3306690738754696e-14
2026-08-26,209.66000366210935,225.76607513988796,206.3987370103917,NVDA,NVDA,SimilarSetFrid_p13_5.png,0.5319070153437303,3.3306690738754696e-14
2026-08-27,227.97999572753903,227.5955875299759,207.05856115107912,NVDA,NVDA,SimilarSetFrid_p13_5.png,0.5319070153437303,3.3306690738754696e-14
2026-08-28,,227.4606235011989,207.29474820143884,NVDA,NVDA,SimilarSetFrid_p13_5.png,0.5319070153437303,3.3306690738754696e-14
2026-07-16,142.88999938964844,158.5842362457446,141.83495283062612,QTUM,QTUM,SimilarSetFrid_p13_11.png,0.5092594921155941,0.03592640339642461
2026-07-17,141.69000244140625,155.44092699955786,139.90026177379096,QTUM,QTUM,SimilarSetFrid_p13_11.png,0.5092594921155941,0.03592640339642461
2026-07-20,141.17999267578125,153.79937095133405,139.3753246199084,QTUM,QTUM,SimilarSetFrid_p13_11.png,0.5092594921155941,0.03592640339642461
2026-07-21,145.1999969482422,153.8715272611461,138.64925175242482,QTUM,QTUM,SimilarSetFrid_p13_11.png,0.5092594921155941,0.03592640339642461
2026-07-22,144.8300018310547,153.69113648661602,138.4007634605096,QTUM,QTUM,SimilarSetFrid_p13_11.png,0.5092594921155941,0.03592640339642461
2026-07-23,143.47000122070312,152.8432998463246,137.92317888494122,QTUM,QTUM,SimilarSetFrid_p13_11.png,0.5092594921155941,0.03592640339642461
2026-07-24,139.55999755859375,151.5715448858875,136.51680730901103,QTUM,QTUM,SimilarSetFrid_p13_11.png,0.5092594921155941,0.03592640339642461
2026-07-27,140.8000030517578,150.2817508479974,135.96999777371673,QTUM,QTUM,SimilarSetFrid_p13_11.png,0.5092594921155941,0.03592640339642461
2026-07-28,136.83999633789062,148.78901718876094,135.8211753847294,QTUM,QTUM,SimilarSetFrid_p13_11.png,0.5092594921155941,0.03592640339642461
2026-07-29,132.24000549316406,147.3143226069775,133.7639689268592,QTUM,QTUM,SimilarSetFrid_p13_11.png,0.5092594921155941,0.03592640339642461
2026-07-30,140.30999755859375,146.50256412159212,132.96423649310918,QTUM,QTUM,SimilarSetFrid_p13_11.png,0.5092594921155941,0.03592640339642461
2026-07-31,141.25,145.5870809408519,133.75615199329624,QTUM,QTUM,SimilarSetFrid_p13_11.png,0.5092594921155941,0.03592640339642461
2026-08-03,145.99000549316406,146.15982164998493,134.42720567454816,QTUM,QTUM,SimilarSetFrid_p13_11.png,0.5092594921155941,0.03592640339642461
2026-08-04,152.94000244140625,149.3572481285307,134.695987928598,QTUM,QTUM,SimilarSetFrid_p13_11.png,0.5092594921155941,0.03592640339642461
2026-08-05,149.99000549316406,151.95487528176395,134.87788195958248,QTUM,QTUM,SimilarSetFrid_p13_11.png,0.5092594921155941,0.03592640339642461
2026-08-06,149.24000549316406,153.32133539882935,135.29127748454727,QTUM,QTUM,SimilarSetFrid_p13_11.png,0.5092594921155941,0.03592640339642461
2026-08-07,153.4600067138672,155.3326925348398,136.02486663430295,QTUM,QTUM,SimilarSetFrid_p13_11.png,0.5092594921155941,0.03592640339642461
2026-08-10,151.69000244140625,157.4252255193888,137.10721128148347,QTUM,QTUM,SimilarSetFrid_p13_11.png,0.5092594921155941,0.03592640339642461
2026-08-11,153.0,158.9224689479885,138.35040436928665,QTUM,QTUM,SimilarSetFrid_p13_11.png,0.5092594921155941,0.03592640339642461
2026-08-12,156.85000610351562,161.29009786369588,141.11285917140424,QTUM,QTUM,SimilarSetFrid_p13_11.png,0.5092594921155941,0.03592640339642461
2026-08-13,158.24000549316406,164.59124903759644,145.76296194601875,QTUM,QTUM,SimilarSetFrid_p13_11.png,0.5092594921155941,0.03592640339642461
2026-08-14,158.67999267578125,165.10987251437044,148.90176142284224,QTUM,QTUM,SimilarSetFrid_p13_11.png,0.5092594921155941,0.03592640339642461
2026-08-17,158.22000122070312,164.15831117872423,149.51509005624453,QTUM,QTUM,SimilarSetFrid_p13_11.png,0.5092594921155941,0.03592640339642461
2026-08-18,152.16000366210938,162.41303043514566,149.60077567414632,QTUM,QTUM,SimilarSetFrid_p13_11.png,0.5092594921155941,0.03592640339642461
2026-08-19,150.1999969482422,160.20775321651536,149.11823035227835,QTUM,QTUM,SimilarSetFrid_p13_11.png,0.5092594921155941,0.03592640339642461
2026-08-20,149.1999969482422,159.50422919584804,148.3912555309221,QTUM,QTUM,SimilarSetFrid_p13_11.png,0.5092594921155941,0.03592640339642461
2026-08-21,150.47000122070312,159.25168211150591,147.7923581594822,QTUM,QTUM,SimilarSetFrid_p13_11.png,0.5092594921155941,0.03592640339642461
2026-08-24,146.94000244140625,158.8007051751807,146.77782111594203,QTUM,QTUM,SimilarSetFrid_p13_11.png,0.5092594921155941,0.03592640339642461
2026-08-25,148.7899932861328,158.34070870012897,145.5239441697664,QTUM,QTUM,SimilarSetFrid_p13_11.png,0.5092594921155941,0.03592640339642461
2026-08-26,148.77999877929688,157.86267314762426,144.96924253808638,QTUM,QTUM,SimilarSetFrid_p13_11.png,0.5092594921155941,0.03592640339642461
2026-08-27,150.9600067138672,157.39365713384603,144.9557132299966,QTUM,QTUM,SimilarSetFrid_p13_11.png,0.5092594921155941,0.03592640339642461
2026-08-28,,156.67209403572568,145.05041838662493,QTUM,QTUM,SimilarSetFrid_p13_11.png,0.5092594921155941,0.03592640339642461
2026-08-29,,156.14219613554354,145.1631626207062,QTUM,QTUM,SimilarSetFrid_p13_11.png,0.5092594921155941,0.03592640339642461
2026-05-13,27.51000022888184,27.601651376146773,27.5475229357798,UUP,UUP,SimilarSetFrid_p15_5.png,0.06151493231768932,2.220446049250313e-14
2026-05-14,27.6200008392334,27.636126401630975,27.5321100917431,UUP,UUP,SimilarSetFrid_p15_5.png,0.06151493231768932,2.220446049250313e-14
2026-05-15,27.770000457763672,27.724036697247694,27.52880733944952,UUP,UUP,SimilarSetFrid_p15_5.png,0.06151493231768932,2.220446049250313e-14
2026-05-18,27.700000762939453,27.783302752293565,27.528256880733927,UUP,UUP,SimilarSetFrid_p15_5.png,0.06151493231768932,2.220446049250313e-14
2026-05-19,27.790000915527344,27.843853211009165,27.55816513761466,UUP,UUP,SimilarSetFrid_p15_5.png,0.06151493231768932,2.220446049250313e-14
2026-05-20,27.729999542236328,27.888073394495404,27.55313761467888,UUP,UUP,SimilarSetFrid_p15_5.png,0.06151493231768932,2.220446049250313e-14
2026-05-21,27.729999542236328,27.932477064220176,27.55302752293576,UUP,UUP,SimilarSetFrid_p15_5.png,0.06151493231768932,2.220446049250313e-14
2026-05-22,27.770000457763672,27.959266055045866,27.5669724770642,UUP,UUP,SimilarSetFrid_p15_5.png,0.06151493231768932,2.220446049250313e-14
2026-05-26,27.75,27.982568807339444,27.557614678899064,UUP,UUP,SimilarSetFrid_p15_5.png,0.06151493231768932,2.220446049250313e-14
2026-05-27,27.75,27.980917431192655,27.586238532110073,UUP,UUP,SimilarSetFrid_p15_5.png,0.06151493231768932,2.220446049250313e-14
2026-05-28,27.700000762939453,27.93284403669724,27.597247706422003,UUP,UUP,SimilarSetFrid_p15_5.png,0.06151493231768932,2.220446049250313e-14
2026-05-29,27.65999984741211,27.88238532110091,27.635963302752277,UUP,UUP,SimilarSetFrid_p15_5.png,0.06151493231768932,2.220446049250313e-14
2026-06-01,27.76000022888184,27.854128440366964,27.68899082568806,UUP,UUP,SimilarSetFrid_p15_5.png,0.06151493231768932,2.220446049250313e-14
2026-06-02,27.76000022888184,27.817064220183475,27.704954128440352,UUP,UUP,SimilarSetFrid_p15_5.png,0.06151493231768932,2.220446049250313e-14
2026-06-03,27.86000061035156,27.87541284403669,27.721834862385307,UUP,UUP,SimilarSetFrid_p15_5.png,0.06151493231768932,2.220446049250313e-14
2026-06-04,27.84000015258789,27.877247706422008,27.72018348623852,UUP,UUP,SimilarSetFrid_p15_5.png,0.06151493231768932,2.220446049250313e-14
2026-06-05,28.020000457763672,27.962752293577974,27.700733944954113,UUP,UUP,SimilarSetFrid_p15_5.png,0.06151493231768932,2.220446049250313e-14
2026-06-08,28.030000686645508,28.035629691409504,27.703486238532097,UUP,UUP,SimilarSetFrid_p15_5.png,0.06151493231768932,2.220446049250313e-14
2026-06-09,28.01000022888184,28.087706422018346,27.715596330275215,UUP,UUP,SimilarSetFrid_p15_5.png,0.06151493231768932,2.220446049250313e-14
2026-06-10,28.049999237060547,28.13743119266055,27.73155963302751,UUP,UUP,SimilarSetFrid_p15_5.png,0.06151493231768932,2.220446049250313e-14
2026-06-11,27.950000762939453,28.148256880733943,27.753577981651365,UUP,UUP,SimilarSetFrid_p15_5.png,0.06151493231768932,2.220446049250313e-14
2026-06-12,27.950000762939453,28.157981651376144,27.782385321100904,UUP,UUP,SimilarSetFrid_p15_5.png,0.06151493231768932,2.220446049250313e-14
2026-06-15,27.96999931335449,28.16532110091743,27.81999999999999,UUP,UUP,SimilarSetFrid_p15_5.png,0.06151493231768932,2.220446049250313e-14
2026-06-16,27.93000030517578,28.131926605504585,27.826238532110082,UUP,UUP,SimilarSetFrid_p15_5.png,0.06151493231768932,2.220446049250313e-14
2026-06-17,28.18000030517578,28.180366972477064,27.860550458715586,UUP,UUP,SimilarSetFrid_p15_5.png,0.06151493231768932,2.220446049250313e-14
2026-06-18,28.299999237060547,28.265504587155963,27.897757390417933,UUP,UUP,SimilarSetFrid_p15_5.png,0.06151493231768932,2.220446049250313e-14
2026-06-22,28.36000061035156,28.366450989859974,27.942018348623847,UUP,UUP,SimilarSetFrid_p15_5.png,0.06151493231768932,2.220446049250313e-14
2026-06-23,28.450000762939453,28.42899082568808,27.970825688073386,UUP,UUP,SimilarSetFrid_p15_5.png,0.06151493231768932,2.220446049250313e-14
2026-06-24,28.530000686645508,28.518165137614687,28.02311926605504,UUP,UUP,SimilarSetFrid_p15_5.png,0.06151493231768932,2.220446049250313e-14
2026-06-25,28.479999542236328,28.581100917431204,28.054678899082564,UUP,UUP,SimilarSetFrid_p15_5.png,0.06151493231768932,2.220446049250313e-14
2026-06-26,28.459999084472656,28.622935779816526,28.08018348623853,UUP,UUP,SimilarSetFrid_p15_5.png,0.06151493231768932,2.220446049250313e-14
2026-06-29,28.3700008392334,28.64752293577983,28.11596330275229,UUP,UUP,SimilarSetFrid_p15_5.png,0.06151493231768932,2.220446049250313e-14
2026-06-30,28.40999984741211,28.671559633027535,28.176908962597036,UUP,UUP,SimilarSetFrid_p15_5.png,0.06151493231768932,2.220446049250313e-14
2026-07-01,28.489999771118164,28.699266055045886,28.252293577981654,UUP,UUP,SimilarSetFrid_p15_5.png,0.06151493231768932,2.220446049250313e-14
2026-07-02,28.34000015258789,28.660917431192672,28.238715596330277,UUP,UUP,SimilarSetFrid_p15_5.png,0.06151493231768932,2.220446049250313e-14
2026-07-06,28.31999969482422,28.554678899082578,28.27981651376147,UUP,UUP,SimilarSetFrid_p15_5.png,0.06151493231768932,2.220446049250313e-14
2026-07-07,28.399999618530277,28.511376146788997,28.293944954128442,UUP,UUP,SimilarSetFrid_p15_5.png,0.06151493231768932,2.220446049250313e-14
2026-07-08,28.36000061035156,28.49155963302753,28.301100917431196,UUP,UUP,SimilarSetFrid_p15_5.png,0.06151493231768932,2.220446049250313e-14
2026-07-09,28.36000061035156,28.46990825688074,28.286605504587158,UUP,UUP,SimilarSetFrid_p15_5.png,0.06151493231768932,2.220446049250313e-14
2026-07-10,28.38999938964844,28.46293577981652,28.281834862385324,UUP,UUP,SimilarSetFrid_p15_5.png,0.06151493231768932,2.220446049250313e-14
2026-07-13,28.5,28.479633027522944,28.31284403669725,UUP,UUP,SimilarSetFrid_p15_5.png,0.06151493231768932,2.220446049250313e-14
2026-07-14,28.38999938964844,28.467706422018356,28.29724770642202,UUP,UUP,SimilarSetFrid_p15_5.png,0.06151493231768932,2.220446049250313e-14
2026-07-15,28.25,28.46128440366973,28.265321100917433,UUP,UUP,SimilarSetFrid_p15_5.png,0.06151493231768932,2.220446049250313e-14
2026-07-16,28.34000015258789,28.458165137614685,28.258715596330276,UUP,UUP,SimilarSetFrid_p15_5.png,0.06151493231768932,2.220446049250313e-14
2026-07-17,28.32999992370605,28.44642201834863,28.244220183486238,UUP,UUP,SimilarSetFrid_p15_5.png,0.06151493231768932,2.220446049250313e-14
2026-07-20,28.38999938964844,28.460366972477072,28.274311926605506,UUP,UUP,SimilarSetFrid_p15_5.png,0.06151493231768932,2.220446049250313e-14
2026-07-21,28.479999542236328,28.49174311926606,28.28678899082569,UUP,UUP,SimilarSetFrid_p15_5.png,0.06151493231768932,2.220446049250313e-14
2026-07-22,28.450000762939453,28.495229357798173,28.28440366972477,UUP,UUP,SimilarSetFrid_p15_5.png,0.06151493231768932,2.220446049250313e-14
2026-07-23,28.559999465942383,28.544954128440377,28.28440366972477,UUP,UUP,SimilarSetFrid_p15_5.png,0.06151493231768932,2.220446049250313e-14
2026-07-24,28.57999992370605,28.590091743119277,28.292477064220186,UUP,UUP,SimilarSetFrid_p15_5.png,0.06151493231768932,2.220446049250313e-14
2026-07-27,28.600000381469727,28.630091743119277,28.30733944954129,UUP,UUP,SimilarSetFrid_p15_5.png,0.06151493231768932,2.220446049250313e-14
2026-07-28,28.57999992370605,28.647889908256893,28.31100917431193,UUP,UUP,SimilarSetFrid_p15_5.png,0.06151493231768932,2.220446049250313e-14
2026-07-29,28.420000076293945,28.64587155963304,28.29282472235635,UUP,UUP,SimilarSetFrid_p15_5.png,0.06151493231768932,2.220446049250313e-14
2026-07-30,28.13999938964844,28.641100917431203,28.205688073394494,UUP,UUP,SimilarSetFrid_p15_5.png,0.06151493231768932,2.220446049250313e-14
2026-07-31,28.170000076293945,28.62183486238533,28.15202668890742,UUP,UUP,SimilarSetFrid_p15_5.png,0.06151493231768932,2.220446049250313e-14
2026-08-03,28.170000076293945,28.601467889908267,28.09853211009174,UUP,UUP,SimilarSetFrid_p15_5.png,0.06151493231768932,2.220446049250313e-14
2026-08-04,28.15999984741211,28.570458715596338,28.042226299694185,UUP,UUP,SimilarSetFrid_p15_5.png,0.06151493231768932,2.220446049250313e-14
2026-08-05,28.09000015258789,28.533394495412853,27.984403669724763,UUP,UUP,SimilarSetFrid_p15_5.png,0.06151493231768932,2.220446049250313e-14
2026-08-06,28.190000534057617,28.513027522935786,27.9588990825688,UUP,UUP,SimilarSetFrid_p15_5.png,0.06151493231768932,2.220446049250313e-14
2026-08-07,28.06999969482422,28.453761467889915,27.895779816513752,UUP,UUP,SimilarSetFrid_p15_5.png,0.06151493231768932,2.220446049250313e-14
2026-08-10,28.13999938964844,28.40752293577982,27.887339449541276,UUP,UUP,SimilarSetFrid_p15_5.png,0.06151493231768932,2.220446049250313e-14
2026-08-11,28.13999938964844,28.350275229357802,27.892660550458707,UUP,UUP,SimilarSetFrid_p15_5.png,0.06151493231768932,2.220446049250313e-14
2026-08-12,28.200000762939453,28.30330275229358,27.948602266594705,UUP,UUP,SimilarSetFrid_p15_5.png,0.06151493231768932,2.220446049250313e-14
2026-08-13,28.18000030517578,28.238899082568807,28.031218872870244,UUP,UUP,SimilarSetFrid_p15_5.png,0.06151493231768932,2.220446049250313e-14
2026-08-14,28.11000061035156,28.206788990825686,28.08642201834862,UUP,UUP,SimilarSetFrid_p15_5.png,0.06151493231768932,2.220446049250313e-14
2026-08-17,28.100000381469727,28.196880733944955,28.077064220183484,UUP,UUP,SimilarSetFrid_p15_5.png,0.06151493231768932,2.220446049250313e-14
2026-08-18,28.13999938964844,28.19834862385321,28.04643949322848,UUP,UUP,SimilarSetFrid_p15_5.png,0.06151493231768932,2.220446049250313e-14
2026-08-19,27.8799991607666,28.217614678899082,27.957174311926597,UUP,UUP,SimilarSetFrid_p15_5.png,0.06151493231768932,2.220446049250313e-14
2026-08-20,27.90999984741211,28.219633027522935,27.900917431192653,UUP,UUP,SimilarSetFrid_p15_5.png,0.06151493231768932,2.220446049250313e-14
2026-08-21,27.899999618530277,28.21394495412844,27.867522935779807,UUP,UUP,SimilarSetFrid_p15_5.png,0.06151493231768932,2.220446049250313e-14
2026-08-24,27.959999084472656,28.20091743119266,27.850825688073385,UUP,UUP,SimilarSetFrid_p15_5.png,0.06151493231768932,2.220446049250313e-14
2026-08-25,27.940000534057617,28.190091743119265,27.83284403669724,UUP,UUP,SimilarSetFrid_p15_5.png,0.06151493231768932,2.220446049250313e-14
2026-08-26,28.020000457763672,28.17853211009174,27.83412844036696,UUP,UUP,SimilarSetFrid_p15_5.png,0.06151493231768932,2.220446049250313e-14
2026-08-27,28.020000457763672,28.176146788990824,27.844587155963293,UUP,UUP,SimilarSetFrid_p15_5.png,0.06151493231768932,2.220446049250313e-14
2026-08-28,,28.19348623853211,27.86211009174311,UUP,UUP,SimilarSetFrid_p15_5.png,0.06151493231768932,2.220446049250313e-14
2026-07-22,1.337399959564209,1.3496981600840516,1.331801655061383,6B=F,6B=F,SimilarSetFrid_p15_11.png,0.03750600749438811,0.007456967230701217
2026-07-23,1.3315999507904053,1.349267138423058,1.3299500831373958,6B=F,6B=F,SimilarSetFrid_p15_11.png,0.03750600749438811,0.007456967230701217
2026-07-24,1.3324999809265137,1.34890289476588,1.3273943068095317,6B=F,6B=F,SimilarSetFrid_p15_11.png,0.03750600749438811,0.007456967230701217
2026-07-27,1.3287999629974363,1.3483261756420153,1.3252634814150417,6B=F,6B=F,SimilarSetFrid_p15_11.png,0.03750600749438811,0.007456967230701217
2026-07-28,1.3288999795913696,1.3479922856229358,1.3242496699025634,6B=F,6B=F,SimilarSetFrid_p15_11.png,0.03750600749438811,0.007456967230701217
2026-07-29,1.336300015449524,1.3487693387582484,1.3242071748092261,6B=F,6B=F,SimilarSetFrid_p15_11.png,0.03750600749438811,0.007456967230701217
2026-07-30,1.347499966621399,1.3498863526402602,1.3253302594188576,6B=F,6B=F,SimilarSetFrid_p15_11.png,0.03750600749438811,0.007456967230701217
2026-07-31,1.3481999635696411,1.3497952917259657,1.3274671555409672,6B=F,6B=F,SimilarSetFrid_p15_11.png,0.03750600749438811,0.007456967230701217
2026-08-03,1.343000054359436,1.3496556649907143,1.328602381605838,6B=F,6B=F,SimilarSetFrid_p15_11.png,0.03750600749438811,0.007456967230701217
2026-08-04,1.3451000452041626,1.3505359204955607,1.3295494151145002,6B=F,6B=F,SimilarSetFrid_p15_11.png,0.03750600749438811,0.007456967230701217
2026-08-05,1.347000002861023,1.3522903607776338,1.3305207315336411,6B=F,6B=F,SimilarSetFrid_p15_11.png,0.03750600749438811,0.007456967230701217
2026-08-06,1.3458000421524048,1.3537412646787252,1.3309396117393955,6B=F,6B=F,SimilarSetFrid_p15_11.png,0.03750600749438811,0.007456967230701217
2026-08-07,1.350000023841858,1.3559874338979883,1.331801655061383,6B=F,6B=F,SimilarSetFrid_p15_11.png,0.03750600749438811,0.007456967230701217
2026-08-10,1.35099995136261,1.3577904400010183,1.3328397494843396,6B=F,6B=F,SimilarSetFrid_p15_11.png,0.03750600749438811,0.007456967230701217
2026-08-11,1.3503999710083008,1.3589863733420853,1.3345699068559342,6B=F,6B=F,SimilarSetFrid_p15_11.png,0.03750600749438811,0.007456967230701217
2026-08-12,1.3487999439239502,1.3591138586220977,1.3371742490047553,6B=F,6B=F,SimilarSetFrid_p15_11.png,0.03750600749438811,0.007456967230701217
2026-08-13,1.348399996757507,1.3574201256162208,1.3404463711917358,6B=F,6B=F,SimilarSetFrid_p15_11.png,0.03750600749438811,0.007456967230701217
2026-08-14,1.3533999919891355,1.3547065103702463,1.3434028155424955,6B=F,6B=F,SimilarSetFrid_p15_11.png,0.03750600749438811,0.007456967230701217
2026-08-17,1.356600046157837,1.3537898304996823,1.3449569218131208,6B=F,6B=F,SimilarSetFrid_p15_11.png,0.03750600749438811,0.007456967230701217
2026-08-18,1.3533999919891355,1.3547854298293016,1.3457801124783426,6B=F,6B=F,SimilarSetFrid_p15_11.png,0.03750600749438811,0.007456967230701217
2026-08-19,1.360700011253357,1.356090636267522,1.3468509888304454,6B=F,6B=F,SimilarSetFrid_p15_11.png,0.03750600749438811,0.007456967230701217
2026-08-20,1.3628000020980835,1.3587556856925394,1.3463750437850663,6B=F,6B=F,SimilarSetFrid_p15_11.png,0.03750600749438811,0.007456967230701217
2026-08-21,1.3651000261306765,1.361596786218526,1.3462378453408628,6B=F,6B=F,SimilarSetFrid_p15_11.png,0.03750600749438811,0.007456967230701217
2026-08-24,1.3631000518798828,1.364601796390243,1.3470573935695127,6B=F,6B=F,SimilarSetFrid_p15_11.png,0.03750600749438811,0.007456967230701217
2026-08-25,1.3645999431610107,1.366653702325678,1.348350458552494,6B=F,6B=F,SimilarSetFrid_p15_11.png,0.03750600749438811,0.007456967230701217
2026-08-26,1.3590999841690063,1.3680863940439105,1.3491639360535244,6B=F,6B=F,SimilarSetFrid_p15_11.png,0.03750600749438811,0.007456967230701217
2026-08-27,1.3588000535964966,1.369470519941186,1.3494553309792665,6B=F,6B=F,SimilarSetFrid_p15_11.png,0.03750600749438811,0.007456967230701217
2026-08-28,,1.369506944306904,1.3500927573793275,6B=F,6B=F,SimilarSetFrid_p15_11.png,0.03750600749438811,0.007456967230701217
2026-08-29,,1.3692459030192599,1.3507180423241496,6B=F,6B=F,SimilarSetFrid_p15_11.png,0.03750600749438811,0.007456967230701217
2026-07-22,1.142300009727478,1.1490948844884488,1.1429372937293727,6E=F,6E=F,SimilarSetFrid_p16_9.png,0.09186400432768946,0.0
2026-07-23,1.138700008392334,1.1485291529152915,1.1414972497249722,6E=F,6E=F,SimilarSetFrid_p16_9.png,0.09186400432768946,0.0
2026-07-24,1.1380000114440918,1.1481971947194718,1.1405013751375135,6E=F,6E=F,SimilarSetFrid_p16_9.png,0.09186400432768946,0.0
2026-07-27,1.1377500295639038,1.1482065456545654,1.1401226622662264,6E=F,6E=F,SimilarSetFrid_p16_9.png,0.09186400432768946,0.0
2026-07-28,1.1397000551223757,1.1488704620462045,1.140342409240924,6E=F,6E=F,SimilarSetFrid_p16_9.png,0.09186400432768946,0.0
2026-07-29,1.146049976348877,1.1498943894389437,1.1408099559955993,6E=F,6E=F,SimilarSetFrid_p16_9.png,0.09186400432768946,0.0
2026-07-30,1.1541999578475952,1.1526856435643564,1.1402395489548953,6E=F,6E=F,SimilarSetFrid_p16_9.png,0.09186400432768946,0.0
2026-07-31,1.1536999940872192,1.1548737623762375,1.1404405940594058,6E=F,6E=F,SimilarSetFrid_p16_9.png,0.09186400432768946,0.0
2026-08-03,1.1520500183105469,1.1566036853685369,1.1406416391639163,6E=F,6E=F,SimilarSetFrid_p16_9.png,0.09186400432768946,0.0
2026-08-04,1.1538000106811523,1.1583803630363037,1.14085203520352,6E=F,6E=F,SimilarSetFrid_p16_9.png,0.09186400432768946,0.0
2026-08-05,1.155949950218201,1.1604235423542355,1.1412026952695267,6E=F,6E=F,SimilarSetFrid_p16_9.png,0.09186400432768946,0.0
2026-08-06,1.1527999639511108,1.1621207370737074,1.1417731023102309,6E=F,6E=F,SimilarSetFrid_p16_9.png,0.09186400432768946,0.0
2026-08-07,1.1568000316619873,1.1631493399339934,1.1427689768976896,6E=F,6E=F,SimilarSetFrid_p16_9.png,0.09186400432768946,0.0
2026-08-10,1.1545499563217163,1.1645519801980198,1.1443960396039603,6E=F,6E=F,SimilarSetFrid_p16_9.png,0.09186400432768946,0.0
2026-08-11,1.1542999744415283,1.1647343234323433,1.1460698569856984,6E=F,6E=F,SimilarSetFrid_p16_9.png,0.09186400432768946,0.0
2026-08-12,1.1523000001907349,1.1644444444444444,1.148136413641364,6E=F,6E=F,SimilarSetFrid_p16_9.png,0.09186400432768946,0.0
2026-08-13,1.152999997138977,1.1628173817381737,1.1497260726072607,6E=F,6E=F,SimilarSetFrid_p16_9.png,0.09186400432768946,0.0
2026-08-14,1.156599998474121,1.160334708470847,1.151703795379538,6E=F,6E=F,SimilarSetFrid_p16_9.png,0.09186400432768946,0.0
2026-08-17,1.1598000526428225,1.1587871287128713,1.1534103410341034,6E=F,6E=F,SimilarSetFrid_p16_9.png,0.09186400432768946,0.0
2026-08-18,1.1588499546051023,1.1587777777777777,1.1540321782178218,6E=F,6E=F,SimilarSetFrid_p16_9.png,0.09186400432768946,0.0
2026-08-19,1.1685500144958496,1.1595585808580857,1.1544529702970296,6E=F,6E=F,SimilarSetFrid_p16_9.png,0.09186400432768946,0.0
2026-08-20,1.1686500310897827,1.1616157865786578,1.1543968646864686,6E=F,6E=F,SimilarSetFrid_p16_9.png,0.09186400432768946,0.0
2026-08-21,1.1692999601364136,1.1651551155115512,1.1534056655665565,6E=F,6E=F,SimilarSetFrid_p16_9.png,0.09186400432768946,0.0
2026-08-24,1.167449951171875,1.1677422075540889,1.15358800880088,6E=F,6E=F,SimilarSetFrid_p16_9.png,0.09186400432768946,0.0
2026-08-25,1.1684000492095947,1.1700409790979098,1.1541163366336633,6E=F,6E=F,SimilarSetFrid_p16_9.png,0.09186400432768946,0.0
2026-08-26,1.1660499572753906,1.1709807480748076,1.1548410341034103,6E=F,6E=F,SimilarSetFrid_p16_9.png,0.09186400432768946,0.0
2026-08-27,1.1656500101089478,1.172364686468647,1.155818206820682,6E=F,6E=F,SimilarSetFrid_p16_9.png,0.09186400432768946,0.0
2026-08-28,,1.1728275577557756,1.1565569306930692,6E=F,6E=F,SimilarSetFrid_p16_9.png,0.09186400432768946,0.0
2026-08-29,,1.1730706820682069,1.15765099009901,6E=F,6E=F,SimilarSetFrid_p16_9.png,0.09186400432768946,0.0
2026-07-16,84.20999908447266,88.12000000000003,85.92717948717949,TLT,TLT,SimilarSetFrid_p18_5.png,0.21759255559929158,5.551115123125783e-14
2026-07-17,84.5199966430664,88.03794871794875,85.98358974358975,TLT,TLT,SimilarSetFrid_p18_5.png,0.21759255559929158,5.551115123125783e-14
2026-07-20,83.88999938964844,87.94051282051285,85.67897435897436,TLT,TLT,SimilarSetFrid_p18_5.png,0.21759255559929158,5.551115123125783e-14
2026-07-21,83.66000366210938,87.73948717948721,85.38153846153845,TLT,TLT,SimilarSetFrid_p18_5.png,0.21759255559929158,5.551115123125783e-14
2026-07-22,83.44000244140625,87.44102564102566,84.76923076923076,TLT,TLT,SimilarSetFrid_p18_5.png,0.21759255559929158,5.551115123125783e-14
2026-07-23,83.16999816894531,87.11897435897438,84.23384615384613,TLT,TLT,SimilarSetFrid_p18_5.png,0.21759255559929158,5.551115123125783e-14
2026-07-24,83.25,86.74564102564104,83.75897435897433,TLT,TLT,SimilarSetFrid_p18_5.png,0.21759255559929158,5.551115123125783e-14
2026-07-27,83.75,85.95487179487179,83.20307692307689,TLT,TLT,SimilarSetFrid_p18_5.png,0.21759255559929158,5.551115123125783e-14
2026-07-28,84.23999786376953,85.59282051282051,82.88717948717945,TLT,TLT,SimilarSetFrid_p18_5.png,0.21759255559929158,5.551115123125783e-14
2026-07-29,82.8499984741211,85.0953846153846,83.02358974358971,TLT,TLT,SimilarSetFrid_p18_5.png,0.21759255559929158,5.551115123125783e-14
2026-07-30,82.80000305175781,85.31179487179486,83.43999999999997,TLT,TLT,SimilarSetFrid_p18_5.png,0.21759255559929158,5.551115123125783e-14
2026-07-31,82.25,85.04615384615384,83.3958974358974,TLT,TLT,SimilarSetFrid_p18_5.png,0.21759255559929158,5.551115123125783e-14
2026-08-03,82.19000244140625,84.6605128205128,83.4030769230769,TLT,TLT,SimilarSetFrid_p18_5.png,0.21759255559929158,5.551115123125783e-14
2026-08-04,82.81999969482422,84.5630769230769,83.07999999999996,TLT,TLT,SimilarSetFrid_p18_5.png,0.21759255559929158,5.551115123125783e-14
2026-08-05,83.0,84.4707692307692,82.92170940170936,TLT,TLT,SimilarSetFrid_p18_5.png,0.21759255559929158,5.551115123125783e-14
2026-08-06,82.5199966430664,84.45230769230767,83.01948717948714,TLT,TLT,SimilarSetFrid_p18_5.png,0.21759255559929158,5.551115123125783e-14
2026-08-07,82.76000213623047,84.40102564102563,82.63999999999996,TLT,TLT,SimilarSetFrid_p18_5.png,0.21759255559929158,5.551115123125783e-14
2026-08-10,82.05999755859375,84.19384615384612,82.19897435897431,TLT,TLT,SimilarSetFrid_p18_5.png,0.21759255559929158,5.551115123125783e-14
2026-08-11,82.19000244140625,83.92820512820511,81.7538461538461,TLT,TLT,SimilarSetFrid_p18_5.png,0.21759255559929158,5.551115123125783e-14
2026-08-12,82.11000061035156,83.88102564102562,81.87405128205123,TLT,TLT,SimilarSetFrid_p18_5.png,0.21759255559929158,5.551115123125783e-14
2026-08-13,82.58999633789062,83.73743589743587,81.81025641025636,TLT,TLT,SimilarSetFrid_p18_5.png,0.21759255559929158,5.551115123125783e-14
2026-08-14,82.04000091552734,83.66974358974356,81.73538461538456,TLT,TLT,SimilarSetFrid_p18_5.png,0.21759255559929158,5.551115123125783e-14
2026-08-17,81.3499984741211,83.45230769230766,81.41641025641019,TLT,TLT,SimilarSetFrid_p18_5.png,0.21759255559929158,5.551115123125783e-14
2026-08-18,81.66000366210938,83.0861538461538,81.24102564102557,TLT,TLT,SimilarSetFrid_p18_5.png,0.21759255559929158,5.551115123125783e-14
2026-08-19,83.0199966430664,82.79692307692304,81.731282051282,TLT,TLT,SimilarSetFrid_p18_5.png,0.21759255559929158,5.551115123125783e-14
2026-08-20,82.33999633789062,82.7507692307692,81.39692307692302,TLT,TLT,SimilarSetFrid_p18_5.png,0.21759255559929158,5.551115123125783e-14
2026-08-21,82.05000305175781,82.81948717948714,81.18974358974353,TLT,TLT,SimilarSetFrid_p18_5.png,0.21759255559929158,5.551115123125783e-14
2026-08-24,82.55999755859375,82.94769230769226,81.24615384615379,TLT,TLT,SimilarSetFrid_p18_5.png,0.21759255559929158,5.551115123125783e-14
2026-08-25,83.47000122070312,82.81846153846149,81.27692307692301,TLT,TLT,SimilarSetFrid_p18_5.png,0.21759255559929158,5.551115123125783e-14
2026-08-26,83.30000305175781,83.02256410256406,81.35692307692301,TLT,TLT,SimilarSetFrid_p18_5.png,0.21759255559929158,5.551115123125783e-14
2026-08-27,83.12999725341797,83.4830769230769,81.41846153846147,TLT,TLT,SimilarSetFrid_p18_5.png,0.21759255559929158,5.551115123125783e-14
2026-08-28,,83.72512820512817,81.51076923076917,TLT,TLT,SimilarSetFrid_p18_5.png,0.21759255559929158,5.551115123125783e-14
2026-08-29,,83.77384615384612,81.56307692307686,TLT,TLT,SimilarSetFrid_p18_5.png,0.21759255559929158,5.551115123125783e-14
2026-06-29,107.08000183105467,116.67495538960475,98.6540299511359,USO,USO,SimilarSetFrid_p19_5.png,0.6219399488598737,0.0017805393274228365
2026-06-30,106.44000244140624,115.25771650766413,99.68641517117021,USO,USO,SimilarSetFrid_p19_5.png,0.6219399488598737,0.0017805393274228365
2026-07-01,103.2699966430664,115.45930652104363,99.79637336028628,USO,USO,SimilarSetFrid_p19_5.png,0.6219399488598737,0.0017805393274228365
2026-07-02,103.9800033569336,114.67127283237838,99.97352822052886,USO,USO,SimilarSetFrid_p19_5.png,0.6219399488598737,0.0017805393274228365
2026-07-06,104.3499984741211,112.77143967598386,100.09570398621341,USO,USO,SimilarSetFrid_p19_5.png,0.6219399488598737,0.0017805393274228365
2026-07-07,108.91999816894533,111.87955658648676,100.48666643640391,USO,USO,SimilarSetFrid_p19_5.png,0.6219399488598737,0.0017805393274228365
2026-07-08,112.20999908447266,111.97729719903438,101.72675045810195,USO,USO,SimilarSetFrid_p19_5.png,0.6219399488598737,0.0017805393274228365
2026-07-09,109.01000213623048,111.96507962246594,102.69193900700975,USO,USO,SimilarSetFrid_p19_5.png,0.6219399488598737,0.0017805393274228365
2026-07-10,108.6999969482422,111.83679506849717,103.42499360111697,USO,USO,SimilarSetFrid_p19_5.png,0.6219399488598737,0.0017805393274228365
2026-07-13,117.79000091552734,114.18256976964022,103.26616510572707,USO,USO,SimilarSetFrid_p19_5.png,0.6219399488598737,0.0017805393274228365
2026-07-14,120.16999816894533,118.2632403435037,103.34557935342201,USO,USO,SimilarSetFrid_p19_5.png,0.6219399488598737,0.0017805393274228365
2026-07-15,121.37999725341795,121.80022876007096,104.18248334836107,USO,USO,SimilarSetFrid_p19_5.png,0.6219399488598737,0.0017805393274228365
2026-07-16,119.3000030517578,124.01771890724527,105.20875978011117,USO,USO,SimilarSetFrid_p19_5.png,0.6219399488598737,0.0017805393274228365
2026-07-17,123.95999908447266,126.58951877490472,107.59831413062452,USO,USO,SimilarSetFrid_p19_5.png,0.6219399488598737,0.0017805393274228365
2026-07-20,125.51000213623048,128.85587922835285,110.64558135307296,USO,USO,SimilarSetFrid_p19_5.png,0.6219399488598737,0.0017805393274228365
2026-07-21,128.85000610351562,131.76366245164476,114.27245622582242,USO,USO,SimilarSetFrid_p19_5.png,0.6219399488598737,0.0017805393274228365
2026-07-22,131.67999267578125,133.61462530176544,117.1453320874902,USO,USO,SimilarSetFrid_p19_5.png,0.6219399488598737,0.0017805393274228365
2026-07-23,139.49000549316406,138.7887689785055,122.15565842507489,USO,USO,SimilarSetFrid_p19_5.png,0.6219399488598737,0.0017805393274228365
2026-07-24,136.69000244140625,141.90941997816316,124.7568822896367,USO,USO,SimilarSetFrid_p19_5.png,0.6219399488598737,0.0017805393274228365
2026-07-27,124.76000213623048,141.46441824699681,120.79303730086897,USO,USO,SimilarSetFrid_p19_5.png,0.6219399488598737,0.0017805393274228365
2026-07-28,120.48999786376952,138.91094474419003,118.82983045686572,USO,USO,SimilarSetFrid_p19_5.png,0.6219399488598737,0.0017805393274228365
2026-07-29,129.30999755859375,139.0636644512957,118.5870061225677,USO,USO,SimilarSetFrid_p19_5.png,0.6219399488598737,0.0017805393274228365
2026-07-30,127.4800033569336,138.69102836595786,119.26508162211687,USO,USO,SimilarSetFrid_p19_5.png,0.6219399488598737,0.0017805393274228365
2026-07-31,129.1699981689453,138.92316232075848,120.25470532416159,USO,USO,SimilarSetFrid_p19_5.png,0.6219399488598737,0.0017805393274228365
2026-08-03,122.12000274658205,136.69345459701572,119.03294766731625,USO,USO,SimilarSetFrid_p19_5.png,0.6219399488598737,0.0017805393274228365
2026-08-04,115.77999877929688,135.03797297199029,115.78307230010763,USO,USO,SimilarSetFrid_p19_5.png,0.6219399488598737,0.0017805393274228365
2026-08-05,114.87999725341795,133.1198134507431,112.5270881446148,USO,USO,SimilarSetFrid_p19_5.png,0.6219399488598737,0.0017805393274228365
2026-08-06,118.87000274658205,132.02023155958227,110.94491197900007,USO,USO,SimilarSetFrid_p19_5.png,0.6219399488598737,0.0017805393274228365
2026-08-07,117.9800033569336,128.87420559320552,108.52583181844628,USO,USO,SimilarSetFrid_p19_5.png,0.6219399488598737,0.0017805393274228365
2026-08-10,125.91999816894533,130.7007332901893,112.08725538815047,USO,USO,SimilarSetFrid_p19_5.png,0.6219399488598737,0.0017805393274228365
2026-08-11,127.61000061035156,130.75571238474734,114.31696311189322,USO,USO,SimilarSetFrid_p19_5.png,0.6219399488598737,0.0017805393274228365
2026-08-12,127.3000030517578,131.58650759140218,114.6529464675257,USO,USO,SimilarSetFrid_p19_5.png,0.6219399488598737,0.0017805393274228365
2026-08-13,125.02999877929688,131.6842482039498,115.01336497629507,USO,USO,SimilarSetFrid_p19_5.png,0.6219399488598737,0.0017805393274228365
2026-08-14,126.5999984741211,132.19738641982485,115.83805139466568,USO,USO,SimilarSetFrid_p19_5.png,0.6219399488598737,0.0017805393274228365
2026-08-17,130.2899932861328,133.56575499549163,116.74826084901545,USO,USO,SimilarSetFrid_p19_5.png,0.6219399488598737,0.0017805393274228365
2026-08-18,130.66000366210938,134.89136205316885,118.53813581629389,USO,USO,SimilarSetFrid_p19_5.png,0.6219399488598737,0.0017805393274228365
2026-08-19,130.91000366210938,136.99278522294284,121.04273901282684,USO,USO,SimilarSetFrid_p19_5.png,0.6219399488598737,0.0017805393274228365
2026-08-20,134.5399932861328,138.4039153165992,123.52901584450713,USO,USO,SimilarSetFrid_p19_5.png,0.6219399488598737,0.0017805393274228365
2026-08-21,134.63999938964844,138.30006591576736,124.67746804194175,USO,USO,SimilarSetFrid_p19_5.png,0.6219399488598737,0.0017805393274228365
2026-08-24,132.2100067138672,137.03554674093243,125.1234095866903,USO,USO,SimilarSetFrid_p19_5.png,0.6219399488598737,0.0017805393274228365
2026-08-25,126.1500015258789,135.30065086821205,125.01345139757422,USO,USO,SimilarSetFrid_p19_5.png,0.6219399488598737,0.0017805393274228365
2026-08-26,127.3499984741211,135.07462570169565,125.12951837497452,USO,USO,SimilarSetFrid_p19_5.png,0.6219399488598737,0.0017805393274228365
2026-08-27,130.00999450683594,135.17236631424328,125.3738699063436,USO,USO,SimilarSetFrid_p19_5.png,0.6219399488598737,0.0017805393274228365
2026-08-28,,135.2029102556644,125.43953938039904,USO,USO,SimilarSetFrid_p19_5.png,0.6219399488598737,0.0017805393274228365
2026-07-08,33.20000076293945,33.22631443714888,32.46545980547403,COM,COM,SimilarSetFrid_p20_5.png,0.3717655820750483,0.020063835935857366
2026-07-09,33.189998626708984,33.177898406742855,32.34365295974665,COM,COM,SimilarSetFrid_p20_5.png,0.3717655820750483,0.020063835935857366
2026-07-10,33.349998474121094,33.138026381702595,32.302466472342424,COM,COM,SimilarSetFrid_p20_5.png,0.3717655820750483,0.020063835935857366
2026-07-13,33.505001068115234,33.09158204484251,32.28274953688295,COM,COM,SimilarSetFrid_p20_5.png,0.3717655820750483,0.020063835935857366
2026-07-14,33.619998931884766,33.10867005557405,32.30667275190711,COM,COM,SimilarSetFrid_p20_5.png,0.3717655820750483,0.020063835935857366
2026-07-15,33.849998474121094,33.20363996137049,32.37154877213745,COM,COM,SimilarSetFrid_p20_5.png,0.3717655820750483,0.020063835935857366
2026-07-16,33.7599983215332,33.275606775797556,32.459471699149304,COM,COM,SimilarSetFrid_p20_5.png,0.3717655820750483,0.020063835935857366
2026-07-17,33.880001068115234,33.38689792261322,32.56141555804345,COM,COM,SimilarSetFrid_p20_5.png,0.3717655820750483,0.020063835935857366
2026-07-20,33.957000732421875,33.541128173318405,32.685413174377445,COM,COM,SimilarSetFrid_p20_5.png,0.3717655820750483,0.020063835935857366
2026-07-21,34.09000015258789,33.68790980396112,32.85620565086858,COM,COM,SimilarSetFrid_p20_5.png,0.3717655820750483,0.020063835935857366
2026-07-22,34.29999923706055,33.9052342481366,33.16124855013263,COM,COM,SimilarSetFrid_p20_5.png,0.3717655820750483,0.020063835935857366
2026-07-23,34.27000045776367,34.017971303552635,33.279112008768124,COM,COM,SimilarSetFrid_p20_5.png,0.3717655820750483,0.020063835935857366
2026-07-24,34.22999954223633,34.137455932437014,33.397232078646,COM,COM,SimilarSetFrid_p20_5.png,0.3717655820750483,0.020063835935857366
2026-07-27,33.90999984741211,34.24611815452476,33.606413137395315,COM,COM,SimilarSetFrid_p20_5.png,0.3717655820750483,0.020063835935857366
2026-07-28,33.86000061035156,34.32148066339206,33.67587621398625,COM,COM,SimilarSetFrid_p20_5.png,0.3717655820750483,0.020063835935857366
2026-07-29,33.84700012207031,34.44416381736209,33.801829875504716,COM,COM,SimilarSetFrid_p20_5.png,0.3717655820750483,0.020063835935857366
2026-07-30,33.849998474121094,34.52390786744261,33.90041455280206,COM,COM,SimilarSetFrid_p20_5.png,0.3717655820750483,0.020063835935857366
2026-07-31,33.82500076293945,34.45161243742456,33.721209517181556,COM,COM,SimilarSetFrid_p20_5.png,0.3717655820750483,0.020063835935857366
2026-08-03,33.82099914550781,34.38369854861972,33.7282199831227,COM,COM,SimilarSetFrid_p20_5.png,0.3717655820750483,0.020063835935857366
2026-08-04,33.619998931884766,34.314908351572235,33.71945690069627,COM,COM,SimilarSetFrid_p20_5.png,0.3717655820750483,0.020063835935857366
2026-08-05,33.72999954223633,34.27328371004669,33.6896624204464,COM,COM,SimilarSetFrid_p20_5.png,0.3717655820750483,0.020063835935857366
2026-08-06,33.7599983215332,34.234287993249076,33.69053872868905,COM,COM,SimilarSetFrid_p20_5.png,0.3717655820750483,0.020063835935857366
2026-08-07,33.75199890136719,34.18083319044785,33.57092265356827,COM,COM,SimilarSetFrid_p20_5.png,0.3717655820750483,0.020063835935857366
2026-08-10,33.939998626708984,34.13614147007305,33.51702969664572,COM,COM,SimilarSetFrid_p20_5.png,0.3717655820750483,0.020063835935857366
2026-08-11,33.917999267578125,34.051577724657996,33.49731276118625,COM,COM,SimilarSetFrid_p20_5.png,0.3717655820750483,0.020063835935857366
2026-08-12,34.040000915527344,34.032298943319844,33.551155643352075,COM,COM,SimilarSetFrid_p20_5.png,0.3717655820750483,0.020063835935857366
2026-08-13,34.0099983215332,33.9661376710003,33.65986794019654,COM,COM,SimilarSetFrid_p20_5.png,0.3717655820750483,0.020063835935857366
2026-08-14,34.20000076293945,34.02309770677209,33.69053872868905,COM,COM,SimilarSetFrid_p20_5.png,0.3717655820750483,0.020063835935857366
2026-08-17,34.5,34.0984602156394,33.69272949929566,COM,COM,SimilarSetFrid_p20_5.png,0.3717655820750483,0.020063835935857366
2026-08-18,34.47999954223633,34.29343879962748,33.7343541408212,COM,COM,SimilarSetFrid_p20_5.png,0.3717655820750483,0.020063835935857366
2026-08-19,34.70000076293945,34.50375277786182,33.82741807618989,COM,COM,SimilarSetFrid_p20_5.png,0.3717655820750483,0.020063835935857366
2026-08-20,34.7400016784668,34.68383412172497,33.98376120343567,COM,COM,SimilarSetFrid_p20_5.png,0.3717655820750483,0.020063835935857366
2026-08-21,34.7599983215332,34.83455913945958,34.09802206151808,COM,COM,SimilarSetFrid_p20_5.png,0.3717655820750483,0.020063835935857366
2026-08-24,34.709999084472656,34.947602902760536,34.21354869817319,COM,COM,SimilarSetFrid_p20_5.png,0.3717655820750483,0.020063835935857366
2026-08-25,34.619998931884766,35.00149585968308,34.24743261688872,COM,COM,SimilarSetFrid_p20_5.png,0.3717655820750483,0.020063835935857366
2026-08-26,34.959999084472656,35.088688529826065,34.30789788563109,COM,COM,SimilarSetFrid_p20_5.png,0.3717655820750483,0.020063835935857366
2026-08-27,35.27000045776367,35.28761050090605,34.47120418599222,COM,COM,SimilarSetFrid_p20_5.png,0.3717655820750483,0.020063835935857366
2026-08-28,,35.478645697802236,34.65535410383907,COM,COM,SimilarSetFrid_p20_5.png,0.3717655820750483,0.020063835935857366
2026-07-02,378.1300048828125,386.5872844827587,357.6832327586207,GLD,GLD,SimilarSetFrid_p21_5.png,0.25225274469430753,2.220446049250313e-14
2026-07-06,382.1300048828125,385.52271551724147,361.8109482758621,GLD,GLD,SimilarSetFrid_p21_5.png,0.25225274469430753,2.220446049250313e-14
2026-07-07,377.489990234375,385.51267241379315,363.49818965517244,GLD,GLD,SimilarSetFrid_p21_5.png,0.25225274469430753,2.220446049250313e-14
2026-07-08,374.4500122070313,383.52413793103455,364.4623275862069,GLD,GLD,SimilarSetFrid_p21_5.png,0.25225274469430753,2.220446049250313e-14
2026-07-09,378.1799926757813,382.8412068965518,367.15387931034485,GLD,GLD,SimilarSetFrid_p21_5.png,0.25225274469430753,2.220446049250313e-14
2026-07-10,377.010009765625,383.9158189655173,369.2629310344828,GLD,GLD,SimilarSetFrid_p21_5.png,0.25225274469430753,2.220446049250313e-14
2026-07-13,367.1300048828125,381.9272844827587,367.7363793103449,GLD,GLD,SimilarSetFrid_p21_5.png,0.25225274469430753,2.220446049250313e-14
2026-07-14,372.1499938964844,381.40504310344835,367.595775862069,GLD,GLD,SimilarSetFrid_p21_5.png,0.25225274469430753,2.220446049250313e-14
2026-07-15,372.3500061035156,382.1381896551725,367.67612068965525,GLD,GLD,SimilarSetFrid_p21_5.png,0.25225274469430753,2.220446049250313e-14
2026-07-16,364.9599914550781,380.6919827586207,365.4766810344828,GLD,GLD,SimilarSetFrid_p21_5.png,0.25225274469430753,2.220446049250313e-14
2026-07-17,368.4100036621094,380.13961206896556,364.6029310344828,GLD,GLD,SimilarSetFrid_p21_5.png,0.25225274469430753,2.220446049250313e-14
2026-07-20,367.6000061035156,378.66327586206904,362.9056465517242,GLD,GLD,SimilarSetFrid_p21_5.png,0.25225274469430753,2.220446049250313e-14
2026-07-21,374.80999755859375,378.76370689655175,363.2772413793104,GLD,GLD,SimilarSetFrid_p21_5.png,0.25225274469430753,2.220446049250313e-14
2026-07-22,379.1199951171875,379.68767241379317,365.00465517241383,GLD,GLD,SimilarSetFrid_p21_5.png,0.25225274469430753,2.220446049250313e-14
2026-07-23,371.5199890136719,379.06500000000005,365.03478448275865,GLD,GLD,SimilarSetFrid_p21_5.png,0.25225274469430753,2.220446049250313e-14
2026-07-24,371.8999938964844,378.7837931034483,364.5928879310345,GLD,GLD,SimilarSetFrid_p21_5.png,0.25225274469430753,2.220446049250313e-14
2026-07-27,374.6300048828125,378.8641379310345,365.6373706896552,GLD,GLD,SimilarSetFrid_p21_5.png,0.25225274469430753,2.220446049250313e-14
2026-07-28,369.3699951171875,378.47245689655176,366.25000000000006,GLD,GLD,SimilarSetFrid_p21_5.png,0.25225274469430753,2.220446049250313e-14
2026-07-29,371.0799865722656,377.96025862068973,366.1294827586207,GLD,GLD,SimilarSetFrid_p21_5.png,0.25225274469430753,2.220446049250313e-14
2026-07-30,377.1600036621094,379.6675862068966,367.39491379310346,GLD,GLD,SimilarSetFrid_p21_5.png,0.25225274469430753,2.220446049250313e-14
2026-07-31,371.5400085449219,380.0391810344828,367.8468534482759,GLD,GLD,SimilarSetFrid_p21_5.png,0.25225274469430753,2.220446049250313e-14
2026-08-03,371.7099914550781,378.8340086206897,368.28875000000005,GLD,GLD,SimilarSetFrid_p21_5.png,0.25225274469430753,2.220446049250313e-14
2026-08-04,374.1600036621094,380.009051724138,369.7249137931035,GLD,GLD,SimilarSetFrid_p21_5.png,0.25225274469430753,2.220446049250313e-14
2026-08-05,389.6400146484375,384.60879310344836,367.4451293103449,GLD,GLD,SimilarSetFrid_p21_5.png,0.25225274469430753,2.220446049250313e-14
2026-08-06,389.6700134277344,389.911551724138,367.12375000000003,GLD,GLD,SimilarSetFrid_p21_5.png,0.25225274469430753,2.220446049250313e-14
2026-08-07,398.4700012207031,396.7810344827587,369.8856034482759,GLD,GLD,SimilarSetFrid_p21_5.png,0.25225274469430753,2.220446049250313e-14
2026-08-10,402.5400085449219,403.33918103448286,372.255775862069,GLD,GLD,SimilarSetFrid_p21_5.png,0.25225274469430753,2.220446049250313e-14
2026-08-11,400.9599914550781,407.1555603448277,374.6359913793104,GLD,GLD,SimilarSetFrid_p21_5.png,0.25225274469430753,2.220446049250313e-14
2026-08-12,404.9200134277344,411.6046551724139,379.67762931034486,GLD,GLD,SimilarSetFrid_p21_5.png,0.25225274469430753,2.220446049250313e-14
2026-08-13,398.9599914550781,412.7997844827587,380.9832327586208,GLD,GLD,SimilarSetFrid_p21_5.png,0.25225274469430753,2.220446049250313e-14
2026-08-14,401.4800109863281,414.3363793103449,382.7576431255527,GLD,GLD,SimilarSetFrid_p21_5.png,0.25225274469430753,2.220446049250313e-14
2026-08-17,405.489990234375,418.00211206896563,388.1941810344828,GLD,GLD,SimilarSetFrid_p21_5.png,0.25225274469430753,2.220446049250313e-14
2026-08-18,398.5499877929688,416.9777155172415,389.2386637931035,GLD,GLD,SimilarSetFrid_p21_5.png,0.25225274469430753,2.220446049250313e-14
2026-08-19,413.8399963378906,420.4727155172415,392.76379310344834,GLD,GLD,SimilarSetFrid_p21_5.png,0.25225274469430753,2.220446049250313e-14
2026-08-20,415.260009765625,418.36366379310357,395.0234913793104,GLD,GLD,SimilarSetFrid_p21_5.png,0.25225274469430753,2.220446049250313e-14
2026-08-21,423.3599853515625,424.4397413793105,398.4281034482759,GLD,GLD,SimilarSetFrid_p21_5.png,0.25225274469430753,2.220446049250313e-14
2026-08-24,426.6900024414063,427.5832327586208,399.14116379310354,GLD,GLD,SimilarSetFrid_p21_5.png,0.25225274469430753,2.220446049250313e-14
2026-08-25,428.0700073242188,431.4297413793105,400.53715517241386,GLD,GLD,SimilarSetFrid_p21_5.png,0.25225274469430753,2.220446049250313e-14
2026-08-26,421.3200073242188,433.51870689655186,401.1397413793104,GLD,GLD,SimilarSetFrid_p21_5.png,0.25225274469430753,2.220446049250313e-14
2026-08-27,422.6000061035156,434.56318965517255,402.6261206896553,GLD,GLD,SimilarSetFrid_p21_5.png,0.25225274469430753,2.220446049250313e-14
2026-08-28,,434.2920258620691,401.65445043103455,GLD,GLD,SimilarSetFrid_p21_5.png,0.25225274469430753,2.220446049250313e-14
2026-07-01,53.58000183105469,57.9279930846401,48.159655368332174,SLV,SLV,SimilarSetFrid_p21_10.png,0.34588142446863496,0.004470708504611398
2026-07-02,55.02000045776367,57.549078114346926,49.39563991428848,SLV,SLV,SimilarSetFrid_p21_10.png,0.34588142446863496,0.004470708504611398
2026-07-06,56.11000061035156,57.49720285055679,49.93920246095904,SLV,SLV,SimilarSetFrid_p21_10.png,0.34588142446863496,0.004470708504611398
2026-07-07,54.459999084472656,56.89499870134085,50.25045404369986,SLV,SLV,SimilarSetFrid_p21_10.png,0.34588142446863496,0.004470708504611398
2026-07-08,52.83000183105469,56.0717608194539,51.3424659372531,SLV,SLV,SimilarSetFrid_p21_10.png,0.34588142446863496,0.004470708504611398
2026-07-09,54.13999938964844,56.008608324405046,52.203670497711094,SLV,SLV,SimilarSetFrid_p21_10.png,0.34588142446863496,0.004470708504611398
2026-07-10,53.95000076293945,55.717655757929926,52.21720317522157,SLV,SLV,SimilarSetFrid_p21_10.png,0.34588142446863496,0.004470708504611398
2026-07-13,52.15999984741211,55.55526362780428,52.185626927697136,SLV,SLV,SimilarSetFrid_p21_10.png,0.34588142446863496,0.004470708504611398
2026-07-14,53.16999816894531,55.40865962144085,51.939783286256926,SLV,SLV,SimilarSetFrid_p21_10.png,0.34588142446863496,0.004470708504611398
2026-07-15,52.209999084472656,55.16056053374889,50.95189782799258,SLV,SLV,SimilarSetFrid_p21_10.png,0.34588142446863496,0.004470708504611398
2026-07-16,50.38999938964844,55.09515259244829,50.13542628486086,SLV,SLV,SimilarSetFrid_p21_10.png,0.34588142446863496,0.004470708504611398
2026-07-17,50.77999877929688,55.02748920489593,49.53547758189667,SLV,SLV,SimilarSetFrid_p21_10.png,0.34588142446863496,0.004470708504611398
2026-07-20,50.97999954223633,54.862841628518545,49.474580533099555,SLV,SLV,SimilarSetFrid_p21_10.png,0.34588142446863496,0.004470708504611398
2026-07-21,53.08000183105469,54.60346530956786,49.94596879971428,SLV,SLV,SimilarSetFrid_p21_10.png,0.34588142446863496,0.004470708504611398
2026-07-22,53.91999816894531,54.26965926430959,50.248198597448116,SLV,SLV,SimilarSetFrid_p21_10.png,0.34588142446863496,0.004470708504611398
2026-07-23,52.060001373291016,54.12079981169441,50.23692136618939,SLV,SLV,SimilarSetFrid_p21_10.png,0.34588142446863496,0.004470708504611398
2026-07-24,52.59000015258789,54.10050079542871,50.3474382325249,SLV,SLV,SimilarSetFrid_p21_10.png,0.34588142446863496,0.004470708504611398
2026-07-27,52.93000030517578,53.97645125158273,50.50306402389531,SLV,SLV,SimilarSetFrid_p21_10.png,0.34588142446863496,0.004470708504611398
2026-07-28,51.70000076293945,53.81180367520534,50.44893331385343,SLV,SLV,SimilarSetFrid_p21_10.png,0.34588142446863496,0.004470708504611398
2026-07-29,51.77000045776367,53.983217590337965,50.61132544397908,SLV,SLV,SimilarSetFrid_p21_10.png,0.34588142446863496,0.004470708504611398
2026-07-30,53.5,54.25612658679912,50.895511671698955,SLV,SLV,SimilarSetFrid_p21_10.png,0.34588142446863496,0.004470708504611398
2026-07-31,52.36000061035156,54.220039446771196,51.06241469432809,SLV,SLV,SimilarSetFrid_p21_10.png,0.34588142446863496,0.004470708504611398
2026-08-03,52.459999084472656,54.44332862569396,51.54056929969804,SLV,SLV,SimilarSetFrid_p21_10.png,0.34588142446863496,0.004470708504611398
2026-08-04,53.84000015258789,55.04327732865815,51.79092383364175,SLV,SLV,SimilarSetFrid_p21_10.png,0.34588142446863496,0.004470708504611398
2026-08-05,56.06999969482422,55.64773692412583,51.594700009739924,SLV,SLV,SimilarSetFrid_p21_10.png,0.34588142446863496,0.004470708504611398
2026-08-06,55.84999847412109,56.567958994837824,51.52478117593583,SLV,SLV,SimilarSetFrid_p21_10.png,0.34588142446863496,0.004470708504611398
2026-08-07,57.5,58.12647235479367,51.76160303236907,SLV,SLV,SimilarSetFrid_p21_10.png,0.34588142446863496,0.004470708504611398
2026-08-10,59.40999984741211,59.51808269212038,52.329975487808824,SLV,SLV,SimilarSetFrid_p21_10.png,0.34588142446863496,0.004470708504611398
2026-08-11,58.54999923706055,60.4495819940911,52.8369496841733,SLV,SLV,SimilarSetFrid_p21_10.png,0.34588142446863496,0.004470708504611398
2026-08-12,59.060001373291016,61.15102577838381,53.56314072595044,SLV,SLV,SimilarSetFrid_p21_10.png,0.34588142446863496,0.004470708504611398
2026-08-13,58.15999984741211,61.360782279796105,54.1253107041979,SLV,SLV,SimilarSetFrid_p21_10.png,0.34588142446863496,0.004470708504611398
2026-08-14,58.47999954223633,61.65850118502646,54.781992555186754,SLV,SLV,SimilarSetFrid_p21_10.png,0.34588142446863496,0.004470708504611398
2026-08-17,59.56999969482422,62.07801418785104,55.60713889159442,SLV,SLV,SimilarSetFrid_p21_10.png,0.34588142446863496,0.004470708504611398
2026-08-18,57.43999862670898,61.617903152495046,55.5913507678322,SLV,SLV,SimilarSetFrid_p21_10.png,0.34588142446863496,0.004470708504611398
2026-08-19,60.0099983215332,61.554750657446185,55.95447761436316,SLV,SLV,SimilarSetFrid_p21_10.png,0.34588142446863496,0.004470708504611398
2026-08-20,61.65999984741211,62.134400344144666,56.87018879257166,SLV,SLV,SimilarSetFrid_p21_10.png,0.34588142446863496,0.004470708504611398
2026-08-21,62.720001220703125,63.08619866238109,57.397963215480004,SLV,SLV,SimilarSetFrid_p21_10.png,0.34588142446863496,0.004470708504611398
2026-08-24,62.20000076293945,63.187693743709616,57.50622463556377,SLV,SLV,SimilarSetFrid_p21_10.png,0.34588142446863496,0.004470708504611398
2026-08-25,62.31999969482422,63.61171763903769,57.853563358332515,SLV,SLV,SimilarSetFrid_p21_10.png,0.34588142446863496,0.004470708504611398
2026-08-26,61.59000015258789,63.97258903931691,58.027232719716885,SLV,SLV,SimilarSetFrid_p21_10.png,0.34588142446863496,0.004470708504611398
2026-08-27,62.77000045776367,64.38533570338626,58.302397162429784,SLV,SLV,SimilarSetFrid_p21_10.png,0.34588142446863496,0.004470708504611398
2026-08-28,,64.31090597707866,58.366677380604514,SLV,SLV,SimilarSetFrid_p21_10.png,0.34588142446863496,0.004470708504611398
2026-03-12,29.81999969482422,30.206956521739155,29.207681159420304,HECA,HECA,SimilarSetFrid_p23_5.png,0.2750071116167399,2.220446049250313e-14
2026-03-13,29.790000915527344,30.075072463768137,29.268043478260882,HECA,HECA,SimilarSetFrid_p23_5.png,0.2750071116167399,2.220446049250313e-14
2026-03-16,29.76000022888184,30.036014492753644,29.38115942028987,HECA,HECA,SimilarSetFrid_p23_5.png,0.2750071116167399,2.220446049250313e-14
2026-03-17,29.75,29.982753623188426,29.301521739130447,HECA,HECA,SimilarSetFrid_p23_5.png,0.2750071116167399,2.220446049250313e-14
2026-03-18,29.780000686645508,29.96550724637683,29.183136070853475,HECA,HECA,SimilarSetFrid_p23_5.png,0.2750071116167399,2.220446049250313e-14
2026-03-19,29.38999938964844,29.935072463768137,29.088293807641644,HECA,HECA,SimilarSetFrid_p23_5.png,0.2750071116167399,2.220446049250313e-14
2026-03-20,29.209999084472656,29.76514492753625,29.02521739130436,HECA,HECA,SimilarSetFrid_p23_5.png,0.2750071116167399,2.220446049250313e-14
2026-03-23,29.299999237060547,29.74891304347828,29.096686429512527,HECA,HECA,SimilarSetFrid_p23_5.png,0.2750071116167399,2.220446049250313e-14
2026-03-24,29.31999969482422,29.756014492753643,29.09253623188407,HECA,HECA,SimilarSetFrid_p23_5.png,0.2750071116167399,2.220446049250313e-14
2026-03-25,29.290000915527344,29.6885507246377,29.006811594202908,HECA,HECA,SimilarSetFrid_p23_5.png,0.2750071116167399,2.220446049250313e-14
2026-03-26,29.190000534057617,29.629710144927554,28.878634336677823,HECA,HECA,SimilarSetFrid_p23_5.png,0.2750071116167399,2.220446049250313e-14
2026-03-27,29.26000022888184,29.603840579710162,28.754710144927543,HECA,HECA,SimilarSetFrid_p23_5.png,0.2750071116167399,2.220446049250313e-14
2026-03-30,28.899999618530277,29.601811594202914,28.64065774804906,HECA,HECA,SimilarSetFrid_p23_5.png,0.2750071116167399,2.220446049250313e-14
2026-03-31,28.8700008392334,29.566811594202914,28.524420289855076,HECA,HECA,SimilarSetFrid_p23_5.png,0.2750071116167399,2.220446049250313e-14
2026-04-01,28.63999938964844,29.437463768115958,28.453405797101453,HECA,HECA,SimilarSetFrid_p23_5.png,0.2750071116167399,2.220446049250313e-14
2026-04-02,28.649999618530277,29.341560386473443,28.413840579710147,HECA,HECA,SimilarSetFrid_p23_5.png,0.2750071116167399,2.220446049250313e-14
2026-04-06,28.57999992370605,29.26043478260871,28.303812224322623,HECA,HECA,SimilarSetFrid_p23_5.png,0.2750071116167399,2.220446049250313e-14
2026-04-07,28.61000061035156,29.104202898550735,28.01514492753623,HECA,HECA,SimilarSetFrid_p23_5.png,0.2750071116167399,2.220446049250313e-14
2026-04-08,28.040000915527344,29.014927536231895,27.8213768115942,HECA,HECA,SimilarSetFrid_p23_5.png,0.2750071116167399,2.220446049250313e-14
2026-04-09,27.93000030517578,28.87797101449276,27.66049516908212,HECA,HECA,SimilarSetFrid_p23_5.png,0.2750071116167399,2.220446049250313e-14
2026-04-10,27.81999969482422,28.722753623188414,27.554130434782603,HECA,HECA,SimilarSetFrid_p23_5.png,0.2750071116167399,2.220446049250313e-14
2026-04-13,27.8700008392334,28.527463768115947,27.405208472686727,HECA,HECA,SimilarSetFrid_p23_5.png,0.2750071116167399,2.220446049250313e-14
2026-04-14,27.65999984741211,28.366159420289858,27.34471014492753,HECA,HECA,SimilarSetFrid_p23_5.png,0.2750071116167399,2.220446049250313e-14
2026-04-15,27.540000915527344,28.39152173913044,27.229420289855064,HECA,HECA,SimilarSetFrid_p23_5.png,0.2750071116167399,2.220446049250313e-14
2026-04-16,27.59000015258789,28.30072463768116,27.172270531400954,HECA,HECA,SimilarSetFrid_p23_5.png,0.2750071116167399,2.220446049250313e-14
2026-04-17,27.479999542236328,28.168333333333333,27.10818840579709,HECA,HECA,SimilarSetFrid_p23_5.png,0.2750071116167399,2.220446049250313e-14
2026-04-20,27.459999084472656,28.105942028985506,27.057632850241536,HECA,HECA,SimilarSetFrid_p23_5.png,0.2750071116167399,2.220446049250313e-14
2026-04-21,27.46999931335449,27.9831884057971,27.02672463768115,HECA,HECA,SimilarSetFrid_p23_5.png,0.2750071116167399,2.220446049250313e-14
2026-04-22,27.38999938964844,27.88782608695652,27.0955072463768,HECA,HECA,SimilarSetFrid_p23_5.png,0.2750071116167399,2.220446049250313e-14
2026-04-23,27.36000061035156,27.83,27.15891304347825,HECA,HECA,SimilarSetFrid_p23_5.png,0.2750071116167399,2.220446049250313e-14
2026-04-24,27.350000381469727,27.746811594202896,27.183260869565206,HECA,HECA,SimilarSetFrid_p23_5.png,0.2750071116167399,2.220446049250313e-14
2026-04-27,27.459999084472656,27.665144927536225,27.197971014492744,HECA,HECA,SimilarSetFrid_p23_5.png,0.2750071116167399,2.220446049250313e-14
2026-04-28,27.34000015258789,27.591086956521735,27.21014492753622,HECA,HECA,SimilarSetFrid_p23_5.png,0.2750071116167399,2.220446049250313e-14
2026-04-29,27.3700008392334,27.574855072463762,27.268782608695645,HECA,HECA,SimilarSetFrid_p23_5.png,0.2750071116167399,2.220446049250313e-14
2026-05-01,27.709999084472656,27.727536231884052,27.323007246376804,HECA,HECA,SimilarSetFrid_p23_5.png,0.2750071116167399,2.220446049250313e-14
2026-05-04,27.790000915527344,27.79652173913043,27.33644927536231,HECA,HECA,SimilarSetFrid_p23_5.png,0.2750071116167399,2.220446049250313e-14
2026-05-05,27.84000015258789,27.88173913043478,27.32934782608695,HECA,HECA,SimilarSetFrid_p23_5.png,0.2750071116167399,2.220446049250313e-14
2026-05-06,27.6299991607666,27.896956521739128,27.328840579710135,HECA,HECA,SimilarSetFrid_p23_5.png,0.2750071116167399,2.220446049250313e-14
2026-05-07,27.434999465942383,27.886811594202896,27.3141304347826,HECA,HECA,SimilarSetFrid_p23_5.png,0.2750071116167399,2.220446049250313e-14
2026-05-08,27.57999992370605,27.89086956521739,27.33289855072463,HECA,HECA,SimilarSetFrid_p23_5.png,0.2750071116167399,2.220446049250313e-14
2026-05-11,27.81999969482422,27.944130434782608,27.373478260869557,HECA,HECA,SimilarSetFrid_p23_5.png,0.2750071116167399,2.220446049250313e-14
2026-05-12,27.799999237060547,27.96391304347826,27.410507246376802,HECA,HECA,SimilarSetFrid_p23_5.png,0.2750071116167399,2.220446049250313e-14
2026-05-13,27.899999618530277,28.026304347826088,27.447028985507238,HECA,HECA,SimilarSetFrid_p23_5.png,0.2750071116167399,2.220446049250313e-14
2026-05-14,27.899999618530277,28.045072463768115,27.492173913043473,HECA,HECA,SimilarSetFrid_p23_5.png,0.2750071116167399,2.220446049250313e-14
2026-05-15,27.489999771118164,27.980652173913043,27.473405797101442,HECA,HECA,SimilarSetFrid_p23_5.png,0.2750071116167399,2.220446049250313e-14
2026-05-18,27.32999992370605,27.936521739130434,27.378570234113702,HECA,HECA,SimilarSetFrid_p23_5.png,0.2750071116167399,2.220446049250313e-14
2026-05-19,27.18000030517578,27.941086956521737,27.24390672612411,HECA,HECA,SimilarSetFrid_p23_5.png,0.2750071116167399,2.220446049250313e-14
2026-05-20,27.36000061035156,27.931956521739128,27.167898550724626,HECA,HECA,SimilarSetFrid_p23_5.png,0.2750071116167399,2.220446049250313e-14
2026-05-21,27.46999931335449,27.9045652173913,27.144202898550713,HECA,HECA,SimilarSetFrid_p23_5.png,0.2750071116167399,2.220446049250313e-14
2026-05-22,27.549999237060547,27.89086956521739,27.14623188405796,HECA,HECA,SimilarSetFrid_p23_5.png,0.2750071116167399,2.220446049250313e-14
2026-05-26,27.82999992370605,27.91369565217391,27.160434782608686,HECA,HECA,SimilarSetFrid_p23_5.png,0.2750071116167399,2.220446049250313e-14
2026-05-27,27.700000762939453,27.95173913043478,27.18123188405796,HECA,HECA,SimilarSetFrid_p23_5.png,0.2750071116167399,2.220446049250313e-14
2026-05-28,27.770000457763672,27.95072463768116,27.185797101449264,HECA,HECA,SimilarSetFrid_p23_5.png,0.2750071116167399,2.220446049250313e-14
2026-05-29,27.76000022888184,27.972028985507244,27.214202898550717,HECA,HECA,SimilarSetFrid_p23_5.png,0.2750071116167399,2.220446049250313e-14
2026-06-01,27.780000686645508,27.988260869565217,27.237028985507237,HECA,HECA,SimilarSetFrid_p23_5.png,0.2750071116167399,2.220446049250313e-14
2026-06-02,27.920000076293945,28.002971014492754,27.280314009661826,HECA,HECA,SimilarSetFrid_p23_5.png,0.2750071116167399,2.220446049250313e-14
2026-06-03,27.709999084472656,28.05876811594203,27.33391304347825,HECA,HECA,SimilarSetFrid_p23_5.png,0.2750071116167399,2.220446049250313e-14
2026-06-04,27.799999237060547,28.077536231884057,27.361304347826078,HECA,HECA,SimilarSetFrid_p23_5.png,0.2750071116167399,2.220446049250313e-14
2026-06-05,26.979999542236328,28.095289855072465,27.40949275362318,HECA,HECA,SimilarSetFrid_p23_5.png,0.2750071116167399,2.220446049250313e-14
2026-06-08,27.040000915527344,28.05673913043478,27.2567149758454,HECA,HECA,SimilarSetFrid_p23_5.png,0.2750071116167399,2.220446049250313e-14
2026-06-09,27.13999938964844,28.03086956521739,27.087021437198057,HECA,HECA,SimilarSetFrid_p23_5.png,0.2750071116167399,2.220446049250313e-14
2026-06-10,26.979999542236328,28.00601449275362,26.971536231884045,HECA,HECA,SimilarSetFrid_p23_5.png,0.2750071116167399,2.220446049250313e-14
2026-06-11,27.290000915527344,27.979130434782608,26.840801932367135,HECA,HECA,SimilarSetFrid_p23_5.png,0.2750071116167399,2.220446049250313e-14
2026-06-12,27.200000762939453,27.944130434782608,26.76752173913042,HECA,HECA,SimilarSetFrid_p23_5.png,0.2750071116167399,2.220446049250313e-14
2026-06-15,27.030000686645508,27.895434782608692,26.733502415458922,HECA,HECA,SimilarSetFrid_p23_5.png,0.2750071116167399,2.220446049250313e-14
2026-06-16,27.020000457763672,27.834057971014488,26.672351046698857,HECA,HECA,SimilarSetFrid_p23_5.png,0.2750071116167399,2.220446049250313e-14
2026-06-17,26.8799991607666,27.766594202898546,26.615652173913027,HECA,HECA,SimilarSetFrid_p23_5.png,0.2750071116167399,2.220446049250313e-14
2026-06-18,26.8700008392334,27.66971014492753,26.55923510466987,HECA,HECA,SimilarSetFrid_p23_5.png,0.2750071116167399,2.220446049250313e-14
2026-06-22,27.049999237060547,27.54898550724637,26.524347826086938,HECA,HECA,SimilarSetFrid_p23_5.png,0.2750071116167399,2.220446049250313e-14
2026-06-23,27.11000061035156,27.45463768115941,26.578242753623172,HECA,HECA,SimilarSetFrid_p23_5.png,0.2750071116167399,2.220446049250313e-14
2026-06-24,27.270000457763672,27.370434782608687,26.70543478260868,HECA,HECA,SimilarSetFrid_p23_5.png,0.2750071116167399,2.220446049250313e-14
2026-06-25,27.34000015258789,27.252246376811584,26.857101449275348,HECA,HECA,SimilarSetFrid_p23_5.png,0.2750071116167399,2.220446049250313e-14
2026-06-26,27.34000015258789,27.33036231884057,26.893623188405783,HECA,HECA,SimilarSetFrid_p23_5.png,0.2750071116167399,2.220446049250313e-14
2026-06-29,27.32999992370605,27.37804347826086,26.888550724637668,HECA,HECA,SimilarSetFrid_p23_5.png,0.2750071116167399,2.220446049250313e-14
2026-06-30,27.299999237060547,27.432065217391298,26.90478260869564,HECA,HECA,SimilarSetFrid_p23_5.png,0.2750071116167399,2.220446049250313e-14
2026-07-01,27.32999992370605,27.44652173913043,26.9073188405797,HECA,HECA,SimilarSetFrid_p23_5.png,0.2750071116167399,2.220446049250313e-14
2026-07-02,27.3799991607666,27.473405797101442,26.928115942028974,HECA,HECA,SimilarSetFrid_p23_5.png,0.2750071116167399,2.220446049250313e-14
2026-07-06,27.36000061035156,27.519565217391296,26.951956521739117,HECA,HECA,SimilarSetFrid_p23_5.png,0.2750071116167399,2.220446049250313e-14
2026-07-07,27.350000381469727,27.562173913043473,26.971231884057957,HECA,HECA,SimilarSetFrid_p23_5.png,0.2750071116167399,2.220446049250313e-14
2026-07-08,27.190000534057617,27.5895652173913,26.993550724637668,HECA,HECA,SimilarSetFrid_p23_5.png,0.2750071116167399,2.220446049250313e-14
2026-07-09,27.280000686645508,27.578405797101443,27.053405797101437,HECA,HECA,SimilarSetFrid_p23_5.png,0.2750071116167399,2.220446049250313e-14
2026-07-10,27.2549991607666,27.502826086956514,27.12217391304347,HECA,HECA,SimilarSetFrid_p23_5.png,0.2750071116167399,2.220446049250313e-14
2026-07-13,27.26000022888184,27.452101449275354,27.174299516908203,HECA,HECA,SimilarSetFrid_p23_5.png,0.2750071116167399,2.220446049250313e-14
2026-07-14,27.36000061035156,27.398840579710136,27.20304347826086,HECA,HECA,SimilarSetFrid_p23_5.png,0.2750071116167399,2.220446049250313e-14
2026-07-15,27.23500061035156,27.35826086956521,27.202028985507237,HECA,HECA,SimilarSetFrid_p23_5.png,0.2750071116167399,2.220446049250313e-14
2026-07-16,27.31999969482422,27.3623188405797,27.201521739130424,HECA,HECA,SimilarSetFrid_p23_5.png,0.2750071116167399,2.220446049250313e-14
2026-07-17,27.31999969482422,27.37144927536231,27.201014492753615,HECA,HECA,SimilarSetFrid_p23_5.png,0.2750071116167399,2.220446049250313e-14
2026-07-20,27.25,27.365869565217384,27.191884057971006,HECA,HECA,SimilarSetFrid_p23_5.png,0.2750071116167399,2.220446049250313e-14
2026-07-21,27.37800025939941,27.36434782608695,27.207101449275353,HECA,HECA,SimilarSetFrid_p23_5.png,0.2750071116167399,2.220446049250313e-14
2026-07-22,27.309999465942383,27.356231884057962,27.18951690821255,HECA,HECA,SimilarSetFrid_p23_5.png,0.2750071116167399,2.220446049250313e-14
2026-07-23,27.200000762939453,27.354202898550717,27.169565217391295,HECA,HECA,SimilarSetFrid_p23_5.png,0.2750071116167399,2.220446049250313e-14
2026-07-24,27.290000915527344,27.37144927536231,27.207608695652162,HECA,HECA,SimilarSetFrid_p23_5.png,0.2750071116167399,2.220446049250313e-14
2026-07-27,27.229999542236328,27.33898550724637,27.192898550724628,HECA,HECA,SimilarSetFrid_p23_5.png,0.2750071116167399,2.220446049250313e-14
2026-07-28,27.350000381469727,27.357246376811588,27.20963768115941,HECA,HECA,SimilarSetFrid_p23_5.png,0.2750071116167399,2.220446049250313e-14
2026-07-30,27.34000015258789,27.35521739130434,27.204565217391295,HECA,HECA,SimilarSetFrid_p23_5.png,0.2750071116167399,2.220446049250313e-14
2026-08-03,27.43400001525879,27.35521739130434,27.2005072463768,HECA,HECA,SimilarSetFrid_p23_5.png,0.2750071116167399,2.220446049250313e-14
2026-08-04,27.540000915527344,27.398396739130426,27.23269927536231,HECA,HECA,SimilarSetFrid_p23_5.png,0.2750071116167399,2.220446049250313e-14
2026-08-05,27.440000534057617,27.359275362318833,27.202874396135254,HECA,HECA,SimilarSetFrid_p23_5.png,0.2750071116167399,2.220446049250313e-14
2026-08-06,27.440000534057617,27.40108695652173,27.22789855072463,HECA,HECA,SimilarSetFrid_p23_5.png,0.2750071116167399,2.220446049250313e-14
2026-08-07,27.61000061035156,27.505869565217385,27.256304347826077,HECA,HECA,SimilarSetFrid_p23_5.png,0.2750071116167399,2.220446049250313e-14
2026-08-10,27.780000686645508,27.535289855072456,27.23804347826086,HECA,HECA,SimilarSetFrid_p23_5.png,0.2750071116167399,2.220446049250313e-14
2026-08-11,27.799999237060547,27.531739130434776,27.24463768115941,HECA,HECA,SimilarSetFrid_p23_5.png,0.2750071116167399,2.220446049250313e-14
2026-08-12,27.81999969482422,27.581449275362314,27.26391304347825,HECA,HECA,SimilarSetFrid_p23_5.png,0.2750071116167399,2.220446049250313e-14
2026-08-13,27.809999465942383,27.677318840579705,27.264927536231873,HECA,HECA,SimilarSetFrid_p23_5.png,0.2750071116167399,2.220446049250313e-14
2026-08-14,27.8700008392334,27.78978260869565,27.249710144927526,HECA,HECA,SimilarSetFrid_p23_5.png,0.2750071116167399,2.220446049250313e-14
2026-08-17,27.739999771118164,27.872608695652172,27.265434782608686,HECA,HECA,SimilarSetFrid_p23_5.png,0.2750071116167399,2.220446049250313e-14
2026-08-18,27.68000030517578,27.935,27.293188405797093,HECA,HECA,SimilarSetFrid_p23_5.png,0.2750071116167399,2.220446049250313e-14
2026-08-19,27.86000061035156,27.991811594202897,27.34963768115941,HECA,HECA,SimilarSetFrid_p23_5.png,0.2750071116167399,2.220446049250313e-14
2026-08-20,27.75,28.03036231884058,27.354710144927527,HECA,HECA,SimilarSetFrid_p23_5.png,0.2750071116167399,2.220446049250313e-14
2026-08-21,27.959999084472656,28.03391304347826,27.434855072463762,HECA,HECA,SimilarSetFrid_p23_5.png,0.2750071116167399,2.220446049250313e-14
2026-08-24,27.940000534057617,27.993333333333332,27.46596618357487,HECA,HECA,SimilarSetFrid_p23_5.png,0.2750071116167399,2.220446049250313e-14
2026-08-26,27.8700008392334,28.000434782608693,27.54289855072463,HECA,HECA,SimilarSetFrid_p23_5.png,0.2750071116167399,2.220446049250313e-14
2026-08-27,27.780000686645508,28.03086956521739,27.606304347826082,HECA,HECA,SimilarSetFrid_p23_5.png,0.2750071116167399,2.220446049250313e-14
2026-08-28,,28.007028985507244,27.67402173913043,HECA,HECA,SimilarSetFrid_p23_5.png,0.2750071116167399,2.220446049250313e-14
2026-08-29,,28.006521739130434,27.728043478260865,HECA,HECA,SimilarSetFrid_p23_5.png,0.2750071116167399,2.220446049250313e-14
